id_planta,nombre,anillo,radio_interno_m,radio_externo_m,year,lst_celsius,ndvi
1,Mayorca Solar|AES Panamá,0_500m,0,500,2019,34.71136426481122,0.5598725636259076
1,Mayorca Solar|AES Panamá,500_1000m,500,1000,2019,34.47277690707726,0.5610857456669078
1,Mayorca Solar|AES Panamá,1000_2000m,1000,2000,2019,34.38577419805372,0.5606511434485928
2,Planta Solar PSZ1,0_500m,0,500,2019,34.960565296092426,0.5377941151311834
2,Planta Solar PSZ1,500_1000m,500,1000,2019,34.98054508444439,0.5440465656858592
2,Planta Solar PSZ1,1000_2000m,1000,2000,2019,34.64351828685882,0.5302127356271087
3,Los Ángeles,0_500m,0,500,2019,34.985310853641785,0.4896182694235422
3,Los Ángeles,500_1000m,500,1000,2019,34.959123687328216,0.513089235164091
3,Los Ángeles,1000_2000m,1000,2000,2019,34.863256301194035,0.5439879499922001
4,Planta solar sin nombre 1,0_500m,0,500,2019,35.41101945404341,0.5257281645484949
4,Planta solar sin nombre 1,500_1000m,500,1000,2019,35.45780424099369,0.5576125450667523
4,Planta solar sin nombre 1,1000_2000m,1000,2000,2019,35.5558417224209,0.5823985744942095
5,Argentum Solar,0_500m,0,500,2019,33.54388787665406,0.6701033794101101
5,Argentum Solar,500_1000m,500,1000,2019,33.562917851955476,0.6537628012390524
5,Argentum Solar,1000_2000m,1000,2000,2019,33.47074153892564,0.6564180852817111
6,Oro Solar,0_500m,0,500,2019,34.766357470718454,0.5659282816373017
6,Oro Solar,500_1000m,500,1000,2019,34.819321189547054,0.5656029926421403
6,Oro Solar,1000_2000m,1000,2000,2019,34.86468821788695,0.5631213898877766
7,Chupampa solar atalaya,0_500m,0,500,2019,35.07840364149134,0.5561710497755746
7,Chupampa solar atalaya,500_1000m,500,1000,2019,35.11713964999435,0.6114055733250177
7,Chupampa solar atalaya,1000_2000m,1000,2000,2019,34.842946317112286,0.6452202673255533
8,Parque Fotovoltaico Paris,0_500m,0,500,2019,34.80190404540137,0.5799319375367668
8,Parque Fotovoltaico Paris,500_1000m,500,1000,2019,34.87226189787621,0.6061907089690358
8,Parque Fotovoltaico Paris,1000_2000m,1000,2000,2019,34.864962198118675,0.6044896255063552
9,Parque Solar Sarigua - Egesa,0_500m,0,500,2019,29.059461766138423,0.6621458184732518
9,Parque Solar Sarigua - Egesa,500_1000m,500,1000,2019,29.250959663829807,0.6348861266891543
9,Parque Solar Sarigua - Egesa,1000_2000m,1000,2000,2019,30.121681855228505,0.5528603276079734
10,Planta fotovoltaica,0_500m,0,500,2019,33.30999584462879,0.6497346662207361
10,Planta fotovoltaica,500_1000m,500,1000,2019,33.4543646783747,0.6488731565707159
10,Planta fotovoltaica,1000_2000m,1000,2000,2019,33.48868783756692,0.6626442616690066
11,Jagüito Solar,0_500m,0,500,2019,35.77251228513422,0.597202295652174
11,Jagüito Solar,500_1000m,500,1000,2019,35.72609532975382,0.6052207167941244
11,Jagüito Solar,1000_2000m,1000,2000,2019,35.51751702122232,0.6056553152218437
12,Planta Solar Don Félix,0_500m,0,500,2019,34.31834217475384,0.5552937876742539
12,Planta Solar Don Félix,500_1000m,500,1000,2019,34.3429890126478,0.6201842964443095
12,Planta Solar Don Félix,1000_2000m,1000,2000,2019,34.24306227419501,0.6229716025996535
13,Divisa Solar,0_500m,0,500,2019,34.595751513397516,0.5318813104978877
13,Divisa Solar,500_1000m,500,1000,2019,34.46274601502835,0.5970454219582139
13,Divisa Solar,1000_2000m,1000,2000,2019,34.23716669365259,0.6228161677893448
14,Milton Solar,0_500m,0,500,2019,33.66166158351755,0.6263380545184472
14,Milton Solar,500_1000m,500,1000,2019,33.74878317102938,0.6411132196028946
14,Milton Solar,1000_2000m,1000,2000,2019,33.77187946912952,0.6520428872326098
15,Parque Fotovoltaico Vista Alegre,0_500m,0,500,2019,34.0487615404661,0.6235059462130115
15,Parque Fotovoltaico Vista Alegre,500_1000m,500,1000,2019,34.05443884272592,0.6206280365663323
15,Parque Fotovoltaico Vista Alegre,1000_2000m,1000,2000,2019,33.916789869275675,0.6299923995770614
16,La Mesa,0_500m,0,500,2019,33.90234646773409,0.6604053539456456
16,La Mesa,500_1000m,500,1000,2019,34.05235161948817,0.6780645372645374
16,La Mesa,1000_2000m,1000,2000,2019,33.83493593524874,0.6736382587320567
17,Campo solar,0_500m,0,500,2019,33.81362108553548,0.6801680196801969
17,Campo solar,500_1000m,500,1000,2019,33.80246299091413,0.6857130897743507
17,Campo solar,1000_2000m,1000,2000,2019,33.9306031999799,0.6748473214086903
18,PV Estrella Solar,0_500m,0,500,2019,31.643081414586078,0.6679261324134981
18,PV Estrella Solar,500_1000m,500,1000,2019,31.801928695543438,0.6787707657864572
18,PV Estrella Solar,1000_2000m,1000,2000,2019,31.55670841827131,0.685546078673676
19,Paneles Solares POCRI,0_500m,0,500,2019,35.13006729890908,0.559844138520964
19,Paneles Solares POCRI,500_1000m,500,1000,2019,35.28263102725891,0.6204049044512183
19,Paneles Solares POCRI,1000_2000m,1000,2000,2019,35.7403531606963,0.5595432423012466
20,Planta Solar Vista Hermosa 1 y 2,0_500m,0,500,2019,35.062104212887064,0.5526704524197643
20,Planta Solar Vista Hermosa 1 y 2,500_1000m,500,1000,2019,35.3334639389708,0.6273770144303427
20,Planta Solar Vista Hermosa 1 y 2,1000_2000m,1000,2000,2019,35.69477747935205,0.5667587543523934
21,PFV Chiriqui Solar,0_500m,0,500,2019,33.02882102352425,0.6785101422511276
21,PFV Chiriqui Solar,500_1000m,500,1000,2019,33.025773927534075,0.6784259732324832
21,PFV Chiriqui Solar,1000_2000m,1000,2000,2019,32.60615793812986,0.678577971801074
22,Andrea’s Solar Plant,0_500m,0,500,2019,33.159770169336475,0.6369866475866957
22,Andrea’s Solar Plant,500_1000m,500,1000,2019,33.31316198625698,0.6467425203483963
22,Andrea’s Solar Plant,1000_2000m,1000,2000,2019,33.10332460678536,0.6594120411444555
23,IKAKO III,0_500m,0,500,2019,33.410170795317796,0.6666774290184959
23,IKAKO III,500_1000m,500,1000,2019,33.29444757805282,0.6684683677701615
23,IKAKO III,1000_2000m,1000,2000,2019,32.91011319582341,0.6910770930512308
24,IKAKO II,0_500m,0,500,2019,33.524476269196605,0.6694883523183058
24,IKAKO II,500_1000m,500,1000,2019,33.323389103533714,0.6783075908547571
24,IKAKO II,1000_2000m,1000,2000,2019,33.039844430018775,0.7008282897674695
25,IKAKO I,0_500m,0,500,2019,33.523321156664096,0.6761903890863419
25,IKAKO I,500_1000m,500,1000,2019,33.34258192590472,0.6913926315883235
25,IKAKO I,1000_2000m,1000,2000,2019,33.12516122895364,0.7042043712074817
26,Planta fotovoltaica Ikakos,0_500m,0,500,2019,33.22523784827242,0.7163237052085701
26,Planta fotovoltaica Ikakos,500_1000m,500,1000,2019,33.352855060077864,0.7490821359604326
26,Planta fotovoltaica Ikakos,1000_2000m,1000,2000,2019,33.420852884282496,0.6923527886817502
27,Parque solar Penonomé,0_500m,0,500,2019,33.73814070111761,0.4610867464236489
27,Parque solar Penonomé,500_1000m,500,1000,2019,33.578299739304335,0.512742992597077
27,Parque solar Penonomé,1000_2000m,1000,2000,2019,33.30833375394005,0.5594416385263873
28,Proyecto fotovoltáico Alma Mater | Universidad de Panamá,0_500m,0,500,2019,32.98969368017647,0.748788579941744
28,Proyecto fotovoltáico Alma Mater | Universidad de Panamá,500_1000m,500,1000,2019,33.34967542414572,0.7415801479143543
28,Proyecto fotovoltáico Alma Mater | Universidad de Panamá,1000_2000m,1000,2000,2019,33.71823498341668,0.6903834992263281
29,PV Baco Solar,0_500m,0,500,2019,34.18692009573585,0.6287171119635385
29,PV Baco Solar,500_1000m,500,1000,2019,34.14360000548518,0.6482342308224156
29,PV Baco Solar,1000_2000m,1000,2000,2019,33.34714770472693,0.653233354508535
30,Granja Solar Alanje Uno,0_500m,0,500,2019,36.43309596115094,0.597793423377597
30,Granja Solar Alanje Uno,500_1000m,500,1000,2019,36.45213646903826,0.5728615638795985
30,Granja Solar Alanje Uno,1000_2000m,1000,2000,2019,36.468223115560164,0.6122558326560149
31,Planta Prudencia Solar,0_500m,0,500,2019,36.004316974498046,0.658174066606132
31,Planta Prudencia Solar,500_1000m,500,1000,2019,35.97483557534747,0.6289232687807814
31,Planta Prudencia Solar,1000_2000m,1000,2000,2019,35.79744346177125,0.6262536312077595
32,Sol de David,0_500m,0,500,2019,32.75756746691372,0.6655394153846154
32,Sol de David,500_1000m,500,1000,2019,32.54745104126023,0.7122183170653509
32,Sol de David,1000_2000m,1000,2000,2019,32.21938315519368,0.7190996726879901
33,Parque Solar La Esperanza,0_500m,0,500,2019,32.59544262764648,0.698536789297659
33,Parque Solar La Esperanza,500_1000m,500,1000,2019,32.48786300915302,0.6809405255927637
33,Parque Solar La Esperanza,1000_2000m,1000,2000,2019,32.29976323945257,0.7142173673613478
34,PV Sol Real,0_500m,0,500,2019,30.104788892773932,0.8457475317725752
34,PV Sol Real,500_1000m,500,1000,2019,30.18752156610123,0.8509226039653888
34,PV Sol Real,1000_2000m,1000,2000,2019,30.164373473766315,0.819845929746865
35,Antón Solar 1,0_500m,0,500,2019,32.85783800679553,0.5821599965238784
35,Antón Solar 1,500_1000m,500,1000,2019,32.80557326869399,0.571065914486666
35,Antón Solar 1,1000_2000m,1000,2000,2019,32.76758194964941,0.5747721631199758
36,Parque Fotovoltaico,0_500m,0,500,2019,32.09769414677281,0.7136988989966555
36,Parque Fotovoltaico,500_1000m,500,1000,2019,32.095361563042694,0.6868537436638825
36,Parque Fotovoltaico,1000_2000m,1000,2000,2019,31.96693284454183,0.6997646647717336
37,PV Caldera Solar,0_500m,0,500,2019,32.396692785461894,0.7022223204479092
37,PV Caldera Solar,500_1000m,500,1000,2019,32.27186774836789,0.671907882133326
37,PV Caldera Solar,1000_2000m,1000,2000,2019,32.13326356136184,0.7094902229359552
38,Parque Fotovoltaico AES Caoba Solar,0_500m,0,500,2019,32.169148483657814,0.6884450569756699
38,Parque Fotovoltaico AES Caoba Solar,500_1000m,500,1000,2019,32.10383597345601,0.6951117216606949
38,Parque Fotovoltaico AES Caoba Solar,1000_2000m,1000,2000,2019,31.95117184291397,0.6964702597434412
39,Solar Pro,0_500m,0,500,2019,32.1231301810681,0.6892216121963604
39,Solar Pro,500_1000m,500,1000,2019,32.079343431160396,0.6977006406055665
39,Solar Pro,1000_2000m,1000,2000,2019,31.9236189874519,0.6943772143655939
40,El Fraile Solar I,0_500m,0,500,2019,33.8393685263915,0.629231715444217
40,El Fraile Solar I,500_1000m,500,1000,2019,33.3677905383065,0.6381189202053363
40,El Fraile Solar I,1000_2000m,1000,2000,2019,33.253983430831276,0.6418356148738101
41,Corotú Solar,0_500m,0,500,2019,33.992724824421536,0.6254076103684076
41,Corotú Solar,500_1000m,500,1000,2019,33.94335771378639,0.6459857797000486
41,Corotú Solar,1000_2000m,1000,2000,2019,33.7090429014798,0.6638126000587663
42,Rodeo Solar,0_500m,0,500,2019,31.242634208005253,0.7082933339568692
42,Rodeo Solar,500_1000m,500,1000,2019,31.207612639546575,0.6891944979232403
42,Rodeo Solar,1000_2000m,1000,2000,2019,31.103683185939367,0.6607679762568606
43,Estí Solar I,0_500m,0,500,2019,33.41536612555289,0.7534142740707089
43,Estí Solar I,500_1000m,500,1000,2019,33.12191313148984,0.7096359578414232
43,Estí Solar I,1000_2000m,1000,2000,2019,33.011659091915256,0.7030733627195616
44,Coclé Solar 1,0_500m,0,500,2019,31.637083940644494,0.6718261216963737
44,Coclé Solar 1,500_1000m,500,1000,2019,31.423918405860448,0.7049606966125281
44,Coclé Solar 1,1000_2000m,1000,2000,2019,31.23962609331483,0.6855997422241902
45,PV Madre Vieja,0_500m,0,500,2019,26.653548794162855,0.7324200427436052
45,PV Madre Vieja,500_1000m,500,1000,2019,26.861640499873175,0.7253096305439575
45,PV Madre Vieja,1000_2000m,1000,2000,2019,27.206489547932225,0.7298945946999349
46,Mendozas Solar,0_500m,0,500,2019,31.41412277469196,0.6028445275522312
46,Mendozas Solar,500_1000m,500,1000,2019,31.373614000531724,0.5927433919185353
46,Mendozas Solar,1000_2000m,1000,2000,2019,31.194802226640967,0.609093837002671
47,Planta solar pacora 2,0_500m,0,500,2019,33.49446470845167,0.5106090966198427
47,Planta solar pacora 2,500_1000m,500,1000,2019,33.43823463796924,0.5255781994067502
47,Planta solar pacora 2,1000_2000m,1000,2000,2019,33.62576684836522,0.5370455997670317
48,planta de paneles solares,0_500m,0,500,2019,34.41627476836276,0.5604410172524302
48,planta de paneles solares,500_1000m,500,1000,2019,34.366888061951016,0.5409413070190279
48,planta de paneles solares,1000_2000m,1000,2000,2019,34.30583069585037,0.5626844552459759
49,Parque Fotovoltaico San Juan,0_500m,0,500,2019,26.765158157658185,0.6443855611045829
49,Parque Fotovoltaico San Juan,500_1000m,500,1000,2019,26.69199225301219,0.6534741321458253
49,Parque Fotovoltaico San Juan,1000_2000m,1000,2000,2019,26.512353327235033,0.6606029724061049
1,Mayorca Solar|AES Panamá,0_500m,0,500,2020,34.28138356030315,0.5244116953980716
1,Mayorca Solar|AES Panamá,500_1000m,500,1000,2020,34.26690937500403,0.5374671006456107
1,Mayorca Solar|AES Panamá,1000_2000m,1000,2000,2020,34.04826554459453,0.5429867577677994
2,Planta Solar PSZ1,0_500m,0,500,2020,33.4659883389692,0.5112882957537523
2,Planta Solar PSZ1,500_1000m,500,1000,2020,33.43751093049403,0.5041348696098333
2,Planta Solar PSZ1,1000_2000m,1000,2000,2020,33.31150434125433,0.49950885531999356
3,Los Ángeles,0_500m,0,500,2020,33.614480568661286,0.455619716916826
3,Los Ángeles,500_1000m,500,1000,2020,33.367851334166495,0.4718773004795268
3,Los Ángeles,1000_2000m,1000,2000,2020,33.36366179321921,0.5013838437367685
4,Planta solar sin nombre 1,0_500m,0,500,2020,34.19549838264302,0.5021611852842808
4,Planta solar sin nombre 1,500_1000m,500,1000,2020,34.35721967864514,0.5445028075248092
4,Planta solar sin nombre 1,1000_2000m,1000,2000,2020,34.69694563494104,0.575484543390239
5,Argentum Solar,0_500m,0,500,2020,32.32661678687178,0.6395391210586945
5,Argentum Solar,500_1000m,500,1000,2020,32.343586801034895,0.6296229460923052
5,Argentum Solar,1000_2000m,1000,2000,2020,32.09565779292498,0.6511660995621442
6,Oro Solar,0_500m,0,500,2020,33.29338344445787,0.5677812420446172
6,Oro Solar,500_1000m,500,1000,2020,33.296538943831465,0.5616019246376813
6,Oro Solar,1000_2000m,1000,2000,2020,33.923304816331616,0.5564649861456077
7,Chupampa solar atalaya,0_500m,0,500,2020,34.4522079998562,0.5416895357406043
7,Chupampa solar atalaya,500_1000m,500,1000,2020,34.259234627824824,0.591460655292231
7,Chupampa solar atalaya,1000_2000m,1000,2000,2020,33.7304376599605,0.6199297262719062
8,Parque Fotovoltaico Paris,0_500m,0,500,2020,34.51877816627822,0.51861785656987
8,Parque Fotovoltaico Paris,500_1000m,500,1000,2020,34.084399315144495,0.5424134167606933
8,Parque Fotovoltaico Paris,1000_2000m,1000,2000,2020,33.76620926870875,0.5657817131649476
9,Parque Solar Sarigua - Egesa,0_500m,0,500,2020,28.67902356297361,0.6554742817070728
9,Parque Solar Sarigua - Egesa,500_1000m,500,1000,2020,28.814279060412368,0.6338419442209349
9,Parque Solar Sarigua - Egesa,1000_2000m,1000,2000,2020,29.7715616358116,0.5311725718035185
10,Planta fotovoltaica,0_500m,0,500,2020,32.73623325614363,0.6295656668896321
10,Planta fotovoltaica,500_1000m,500,1000,2020,32.7771599364859,0.6476704646140831
10,Planta fotovoltaica,1000_2000m,1000,2000,2020,32.697597236840366,0.6581556932371478
11,Jagüito Solar,0_500m,0,500,2020,35.76258027270391,0.5331885739130435
11,Jagüito Solar,500_1000m,500,1000,2020,35.555047951458825,0.5743613352763964
11,Jagüito Solar,1000_2000m,1000,2000,2020,35.40035558626196,0.5753472470966992
12,Planta Solar Don Félix,0_500m,0,500,2020,34.61730844797757,0.5053438792285383
12,Planta Solar Don Félix,500_1000m,500,1000,2020,34.5558552583293,0.5972053156946353
12,Planta Solar Don Félix,1000_2000m,1000,2000,2020,34.20992737928087,0.61216211415577
13,Divisa Solar,0_500m,0,500,2020,34.97518890602955,0.49923107652815657
13,Divisa Solar,500_1000m,500,1000,2020,34.677171713714586,0.5771951961954296
13,Divisa Solar,1000_2000m,1000,2000,2020,34.21979888573369,0.6115688765796359
14,Milton Solar,0_500m,0,500,2020,33.522726756161696,0.6147195792685375
14,Milton Solar,500_1000m,500,1000,2020,33.639181149073465,0.6182644656289432
14,Milton Solar,1000_2000m,1000,2000,2020,33.685813888640915,0.6298583762030138
15,Parque Fotovoltaico Vista Alegre,0_500m,0,500,2020,33.91828836703839,0.5879175462023286
15,Parque Fotovoltaico Vista Alegre,500_1000m,500,1000,2020,33.973845756761875,0.6089921257525084
15,Parque Fotovoltaico Vista Alegre,1000_2000m,1000,2000,2020,33.89097303050901,0.6110687266929539
16,La Mesa,0_500m,0,500,2020,33.074568957275126,0.6701033751102322
16,La Mesa,500_1000m,500,1000,2020,32.990882430235885,0.6668789926289926
16,La Mesa,1000_2000m,1000,2000,2020,32.70832900407951,0.6700736622202031
17,Campo solar,0_500m,0,500,2020,32.72732938881116,0.6615296018503664
17,Campo solar,500_1000m,500,1000,2020,32.79404580283835,0.6803050787701267
17,Campo solar,1000_2000m,1000,2000,2020,32.71636930981534,0.6755082765899652
18,PV Estrella Solar,0_500m,0,500,2020,31.72431760674751,0.6681059668966254
18,PV Estrella Solar,500_1000m,500,1000,2020,31.782110502724592,0.6905204788005009
18,PV Estrella Solar,1000_2000m,1000,2000,2020,31.388709765624075,0.6916078908579203
19,Paneles Solares POCRI,0_500m,0,500,2020,35.982387051006214,0.4994741763455808
19,Paneles Solares POCRI,500_1000m,500,1000,2020,36.08380700823622,0.55984051687256
19,Paneles Solares POCRI,1000_2000m,1000,2000,2020,36.16401140134878,0.5247301862399575
20,Planta Solar Vista Hermosa 1 y 2,0_500m,0,500,2020,35.91661445794529,0.4953598407311403
20,Planta Solar Vista Hermosa 1 y 2,500_1000m,500,1000,2020,36.052875953327025,0.5644493939434467
20,Planta Solar Vista Hermosa 1 y 2,1000_2000m,1000,2000,2020,36.119657547586385,0.5308749109472011
21,PFV Chiriqui Solar,0_500m,0,500,2020,32.37926076009691,0.6544882666238442
21,PFV Chiriqui Solar,500_1000m,500,1000,2020,32.259503556614455,0.6625235337403614
21,PFV Chiriqui Solar,1000_2000m,1000,2000,2020,32.02447870643125,0.6808143251970444
22,Andrea’s Solar Plant,0_500m,0,500,2020,32.18964878300475,0.6871433752825216
22,Andrea’s Solar Plant,500_1000m,500,1000,2020,32.06646199555026,0.714370238742634
22,Andrea’s Solar Plant,1000_2000m,1000,2000,2020,31.92877043281618,0.7185324351077382
23,IKAKO III,0_500m,0,500,2020,32.14760184339619,0.6580574044106831
23,IKAKO III,500_1000m,500,1000,2020,32.093059301452705,0.6823303821573673
23,IKAKO III,1000_2000m,1000,2000,2020,31.856082407511597,0.6992482144686957
24,IKAKO II,0_500m,0,500,2020,32.2389093032556,0.6717003489491419
24,IKAKO II,500_1000m,500,1000,2020,32.16084359897829,0.6834899872437601
24,IKAKO II,1000_2000m,1000,2000,2020,31.974329324332132,0.7095608363799558
25,IKAKO I,0_500m,0,500,2020,32.27972371281604,0.6779392239651533
25,IKAKO I,500_1000m,500,1000,2020,32.20122846563691,0.6939884298477678
25,IKAKO I,1000_2000m,1000,2000,2020,32.0517283250907,0.711868223793353
26,Planta fotovoltaica Ikakos,0_500m,0,500,2020,32.277866113006006,0.7121267833037064
26,Planta fotovoltaica Ikakos,500_1000m,500,1000,2020,32.27971961794781,0.7427813858277548
26,Planta fotovoltaica Ikakos,1000_2000m,1000,2000,2020,32.33448740204722,0.7015537962162594
27,Parque solar Penonomé,0_500m,0,500,2020,32.88509086906526,0.43209913551995954
27,Parque solar Penonomé,500_1000m,500,1000,2020,32.68152187983679,0.49596013016323814
27,Parque solar Penonomé,1000_2000m,1000,2000,2020,32.4463531885859,0.5341075685575084
28,Proyecto fotovoltáico Alma Mater | Universidad de Panamá,0_500m,0,500,2020,31.86498439054629,0.7383650396836
28,Proyecto fotovoltáico Alma Mater | Universidad de Panamá,500_1000m,500,1000,2020,32.13982556268029,0.755973099915745
28,Proyecto fotovoltáico Alma Mater | Universidad de Panamá,1000_2000m,1000,2000,2020,32.575410160045024,0.6991697769885716
29,PV Baco Solar,0_500m,0,500,2020,32.48414600002931,0.6862082839920344
29,PV Baco Solar,500_1000m,500,1000,2020,32.463888559162896,0.6915384849741948
29,PV Baco Solar,1000_2000m,1000,2000,2020,32.075209414966324,0.6956869976462092
30,Granja Solar Alanje Uno,0_500m,0,500,2020,35.519187102877154,0.6343240950953094
30,Granja Solar Alanje Uno,500_1000m,500,1000,2020,35.508340479617026,0.6020493935340023
30,Granja Solar Alanje Uno,1000_2000m,1000,2000,2020,35.693033992755225,0.6257268446250631
31,Planta Prudencia Solar,0_500m,0,500,2020,34.16756089945749,0.6453489637859202
31,Planta Prudencia Solar,500_1000m,500,1000,2020,34.111567012610934,0.6349246691774565
31,Planta Prudencia Solar,1000_2000m,1000,2000,2020,34.1029645862771,0.6357828442641581
32,Sol de David,0_500m,0,500,2020,32.69522892389096,0.6724543264214046
32,Sol de David,500_1000m,500,1000,2020,32.13979156685423,0.7032748512726431
32,Sol de David,1000_2000m,1000,2000,2020,31.580420943331415,0.7241275008909479
33,Parque Solar La Esperanza,0_500m,0,500,2020,32.4659387507451,0.6867888173913044
33,Parque Solar La Esperanza,500_1000m,500,1000,2020,31.94976557747297,0.6801169796256978
33,Parque Solar La Esperanza,1000_2000m,1000,2000,2020,31.66282289295933,0.7188206410933156
34,PV Sol Real,0_500m,0,500,2020,29.89834822495154,0.8215473163879597
34,PV Sol Real,500_1000m,500,1000,2020,29.99890922827398,0.8386985880609934
34,PV Sol Real,1000_2000m,1000,2000,2020,30.05540212289615,0.8073622671205255
35,Antón Solar 1,0_500m,0,500,2020,32.64638051218978,0.5839387868335206
35,Antón Solar 1,500_1000m,500,1000,2020,32.637728026741684,0.5639867271261408
35,Antón Solar 1,1000_2000m,1000,2000,2020,32.40384799679378,0.5864993084647692
36,Parque Fotovoltaico,0_500m,0,500,2020,31.430568406002617,0.7048904535117057
36,Parque Fotovoltaico,500_1000m,500,1000,2020,31.459031009027903,0.7120603269793675
36,Parque Fotovoltaico,1000_2000m,1000,2000,2020,31.33978977932425,0.7054013285589446
37,PV Caldera Solar,0_500m,0,500,2020,31.705508579934936,0.7218049746845615
37,PV Caldera Solar,500_1000m,500,1000,2020,31.595077508787565,0.687410066070561
37,PV Caldera Solar,1000_2000m,1000,2000,2020,31.409117478809613,0.7086321103654252
38,Parque Fotovoltaico AES Caoba Solar,0_500m,0,500,2020,31.593377337558913,0.6679905451185711
38,Parque Fotovoltaico AES Caoba Solar,500_1000m,500,1000,2020,31.480289076728464,0.7198305078702959
38,Parque Fotovoltaico AES Caoba Solar,1000_2000m,1000,2000,2020,31.29734899294529,0.7028535378586208
39,Solar Pro,0_500m,0,500,2020,31.563021689481563,0.6687272173378586
39,Solar Pro,500_1000m,500,1000,2020,31.46316991225611,0.7206894587618529
39,Solar Pro,1000_2000m,1000,2000,2020,31.279692776120637,0.7021912075038036
40,El Fraile Solar I,0_500m,0,500,2020,33.80707813089895,0.608768786382432
40,El Fraile Solar I,500_1000m,500,1000,2020,33.23921637878849,0.6191520738249658
40,El Fraile Solar I,1000_2000m,1000,2000,2020,32.99827546172736,0.6254217040933341
41,Corotú Solar,0_500m,0,500,2020,32.516993186309314,0.6744115032049995
41,Corotú Solar,500_1000m,500,1000,2020,32.50737819619215,0.6874338316191767
41,Corotú Solar,1000_2000m,1000,2000,2020,32.54561793261632,0.6844008409833584
42,Rodeo Solar,0_500m,0,500,2020,30.45982229066438,0.6488497127281474
42,Rodeo Solar,500_1000m,500,1000,2020,30.600829782643654,0.6513260584344974
42,Rodeo Solar,1000_2000m,1000,2000,2020,30.628246567616564,0.6304577704466252
43,Estí Solar I,0_500m,0,500,2020,32.0878140365704,0.7640513054167447
43,Estí Solar I,500_1000m,500,1000,2020,31.846193607514763,0.7222105039768875
43,Estí Solar I,1000_2000m,1000,2000,2020,31.789932900661924,0.7195525897727021
44,Coclé Solar 1,0_500m,0,500,2020,30.65433093024546,0.6869429731968681
44,Coclé Solar 1,500_1000m,500,1000,2020,30.684550805383367,0.7026030028855088
44,Coclé Solar 1,1000_2000m,1000,2000,2020,30.640790537360445,0.671784013896318
45,PV Madre Vieja,0_500m,0,500,2020,26.713476110678922,0.7015746757496829
45,PV Madre Vieja,500_1000m,500,1000,2020,27.043405234439682,0.6927489467985082
45,PV Madre Vieja,1000_2000m,1000,2000,2020,27.327854001985777,0.6915407147728778
46,Mendozas Solar,0_500m,0,500,2020,30.234991163222187,0.579826332280042
46,Mendozas Solar,500_1000m,500,1000,2020,30.166956011477264,0.5874997725725117
46,Mendozas Solar,1000_2000m,1000,2000,2020,30.01148512188774,0.6135147810296088
47,Planta solar pacora 2,0_500m,0,500,2020,31.880716943758163,0.4723811625389273
47,Planta solar pacora 2,500_1000m,500,1000,2020,32.04998813305423,0.4940744622003688
47,Planta solar pacora 2,1000_2000m,1000,2000,2020,31.91280662363785,0.5079682564347093
48,planta de paneles solares,0_500m,0,500,2020,33.39059459459463,0.5432856038350605
48,planta de paneles solares,500_1000m,500,1000,2020,33.271309622954966,0.5220549069976583
48,planta de paneles solares,1000_2000m,1000,2000,2020,33.40553040024226,0.5372233871275037
49,Parque Fotovoltaico San Juan,0_500m,0,500,2020,26.79249055393248,0.6896853060570451
49,Parque Fotovoltaico San Juan,500_1000m,500,1000,2020,26.844714137258897,0.6922696643245381
49,Parque Fotovoltaico San Juan,1000_2000m,1000,2000,2020,26.876367833209805,0.672008824632021
1,Mayorca Solar|AES Panamá,0_500m,0,500,2021,33.622835714074434,0.5561596217886136
1,Mayorca Solar|AES Panamá,500_1000m,500,1000,2021,33.6401509969637,0.5806339722467787
1,Mayorca Solar|AES Panamá,1000_2000m,1000,2000,2021,33.57884570064131,0.5908477215794135
2,Planta Solar PSZ1,0_500m,0,500,2021,33.671269487312905,0.57437516940884
2,Planta Solar PSZ1,500_1000m,500,1000,2021,33.67216224759963,0.5758877042853638
2,Planta Solar PSZ1,1000_2000m,1000,2000,2021,33.70737553705134,0.5603440201502572
3,Los Ángeles,0_500m,0,500,2021,33.89854021974072,0.48610541707320337
3,Los Ángeles,500_1000m,500,1000,2021,33.97711500622871,0.5237337067935898
3,Los Ángeles,1000_2000m,1000,2000,2021,33.863757139439635,0.5708637093575196
4,Planta solar sin nombre 1,0_500m,0,500,2021,33.48058806932199,0.5487533190635451
4,Planta solar sin nombre 1,500_1000m,500,1000,2021,33.46129217047322,0.594752622795745
4,Planta solar sin nombre 1,1000_2000m,1000,2000,2021,33.2815299113846,0.6099744631233662
5,Argentum Solar,0_500m,0,500,2021,30.634833515526164,0.7072301267111362
5,Argentum Solar,500_1000m,500,1000,2021,30.637365942221784,0.6917523869587503
5,Argentum Solar,1000_2000m,1000,2000,2021,30.516007068756753,0.7052627290058487
6,Oro Solar,0_500m,0,500,2021,33.06955919826196,0.6078894513298053
6,Oro Solar,500_1000m,500,1000,2021,33.200496599147456,0.6291807152731328
6,Oro Solar,1000_2000m,1000,2000,2021,33.32598295646472,0.6212762028324735
7,Chupampa solar atalaya,0_500m,0,500,2021,33.36490103811101,0.5828402666309372
7,Chupampa solar atalaya,500_1000m,500,1000,2021,33.227841851667364,0.6432282189950107
7,Chupampa solar atalaya,1000_2000m,1000,2000,2021,32.817374542961815,0.6765989214781293
8,Parque Fotovoltaico Paris,0_500m,0,500,2021,32.53023873420556,0.6162482338627733
8,Parque Fotovoltaico Paris,500_1000m,500,1000,2021,32.32361669367587,0.6629574279636264
8,Parque Fotovoltaico Paris,1000_2000m,1000,2000,2021,32.17465104679603,0.6706536001203549
9,Parque Solar Sarigua - Egesa,0_500m,0,500,2021,28.251130740699136,0.7352207520203032
9,Parque Solar Sarigua - Egesa,500_1000m,500,1000,2021,28.413669574917197,0.7165699282970435
9,Parque Solar Sarigua - Egesa,1000_2000m,1000,2000,2021,29.041895347376002,0.6037412910174544
10,Planta fotovoltaica,0_500m,0,500,2021,31.953105238695574,0.6797478274247494
10,Planta fotovoltaica,500_1000m,500,1000,2021,31.890189245356886,0.697002384736971
10,Planta fotovoltaica,1000_2000m,1000,2000,2021,31.732807427516047,0.7161777440161583
11,Jagüito Solar,0_500m,0,500,2021,34.62895126837608,0.5362608588628763
11,Jagüito Solar,500_1000m,500,1000,2021,34.51744742933941,0.6195649994652125
11,Jagüito Solar,1000_2000m,1000,2000,2021,34.25784807177258,0.624410723509609
12,Planta Solar Don Félix,0_500m,0,500,2021,33.013777772833166,0.5636738101284434
12,Planta Solar Don Félix,500_1000m,500,1000,2021,33.025187698996135,0.6477961539490822
12,Planta Solar Don Félix,1000_2000m,1000,2000,2021,32.685018157718396,0.6573008885637099
13,Divisa Solar,0_500m,0,500,2021,33.33254620221081,0.5521180450826249
13,Divisa Solar,500_1000m,500,1000,2021,33.14917273936422,0.6203346752934471
13,Divisa Solar,1000_2000m,1000,2000,2021,32.6964943639916,0.6580553386405382
14,Milton Solar,0_500m,0,500,2021,31.90094024981934,0.6557448151270624
14,Milton Solar,500_1000m,500,1000,2021,31.973115572271272,0.6586690582459769
14,Milton Solar,1000_2000m,1000,2000,2021,32.17547438623375,0.6760186967097682
15,Parque Fotovoltaico Vista Alegre,0_500m,0,500,2021,32.46658161607357,0.6423176209806646
15,Parque Fotovoltaico Vista Alegre,500_1000m,500,1000,2021,32.46065537292966,0.6524420691192867
15,Parque Fotovoltaico Vista Alegre,1000_2000m,1000,2000,2021,32.3166995548599,0.6579016539855539
16,La Mesa,0_500m,0,500,2021,32.0330562045808,0.705498805483552
16,La Mesa,500_1000m,500,1000,2021,32.004855030080236,0.7112871510344333
16,La Mesa,1000_2000m,1000,2000,2021,31.810404088509358,0.7149506654108801
17,Campo solar,0_500m,0,500,2021,31.7757593517112,0.7141424327504148
17,Campo solar,500_1000m,500,1000,2021,31.83942104881271,0.7285348364724159
17,Campo solar,1000_2000m,1000,2000,2021,31.85194352015558,0.715242404219124
18,PV Estrella Solar,0_500m,0,500,2021,30.761166797306444,0.6709759920316593
18,PV Estrella Solar,500_1000m,500,1000,2021,30.754102041203595,0.678933652949912
18,PV Estrella Solar,1000_2000m,1000,2000,2021,30.381596788423412,0.7015996061195091
19,Paneles Solares POCRI,0_500m,0,500,2021,34.18386944309475,0.5503806386078403
19,Paneles Solares POCRI,500_1000m,500,1000,2021,34.29645367583101,0.6241356271280103
19,Paneles Solares POCRI,1000_2000m,1000,2000,2021,34.56837749106997,0.587554095219006
20,Planta Solar Vista Hermosa 1 y 2,0_500m,0,500,2021,34.03988676054619,0.5490569680126134
20,Planta Solar Vista Hermosa 1 y 2,500_1000m,500,1000,2021,34.23632282858532,0.63307517018175
20,Planta Solar Vista Hermosa 1 y 2,1000_2000m,1000,2000,2021,34.47437082719211,0.593912984778042
21,PFV Chiriqui Solar,0_500m,0,500,2021,31.86262959873996,0.6912435130541839
21,PFV Chiriqui Solar,500_1000m,500,1000,2021,31.70830656047287,0.6901880995598213
21,PFV Chiriqui Solar,1000_2000m,1000,2000,2021,31.22812247361889,0.6942284432183855
22,Andrea’s Solar Plant,0_500m,0,500,2021,30.932186821989784,0.6892010739170555
22,Andrea’s Solar Plant,500_1000m,500,1000,2021,30.74489370036463,0.7214160910574036
22,Andrea’s Solar Plant,1000_2000m,1000,2000,2021,30.578654265569895,0.734510980131477
23,IKAKO III,0_500m,0,500,2021,30.878258640021457,0.6427166142859051
23,IKAKO III,500_1000m,500,1000,2021,30.965820431989023,0.6681680158946066
23,IKAKO III,1000_2000m,1000,2000,2021,30.731739915010955,0.6990093480042958
24,IKAKO II,0_500m,0,500,2021,30.856604757937003,0.6498326260762607
24,IKAKO II,500_1000m,500,1000,2021,31.013888384871887,0.6779389613923031
24,IKAKO II,1000_2000m,1000,2000,2021,30.83352270764601,0.703887880586511
25,IKAKO I,0_500m,0,500,2021,30.914995541821654,0.6616592675235831
25,IKAKO I,500_1000m,500,1000,2021,31.008054707517665,0.6874815201802906
25,IKAKO I,1000_2000m,1000,2000,2021,30.905548893729893,0.705940406279575
26,Planta fotovoltaica Ikakos,0_500m,0,500,2021,31.108319837738474,0.7076797123725259
26,Planta fotovoltaica Ikakos,500_1000m,500,1000,2021,31.02650617178868,0.7309045199730628
26,Planta fotovoltaica Ikakos,1000_2000m,1000,2000,2021,31.149940143068132,0.7013439748433835
27,Parque solar Penonomé,0_500m,0,500,2021,31.48401928015818,0.48528974533970337
27,Parque solar Penonomé,500_1000m,500,1000,2021,31.501349057277004,0.5521101726755132
27,Parque solar Penonomé,1000_2000m,1000,2000,2021,31.516165607912132,0.6085485427322422
28,Proyecto fotovoltáico Alma Mater | Universidad de Panamá,0_500m,0,500,2021,30.55781296679151,0.7666303666390528
28,Proyecto fotovoltáico Alma Mater | Universidad de Panamá,500_1000m,500,1000,2021,30.8854984130782,0.7668027599088798
28,Proyecto fotovoltáico Alma Mater | Universidad de Panamá,1000_2000m,1000,2000,2021,31.342308536639496,0.7098813575635504
29,PV Baco Solar,0_500m,0,500,2021,31.265332472914746,0.6519441679252596
29,PV Baco Solar,500_1000m,500,1000,2021,31.182295559033847,0.6851126424630096
29,PV Baco Solar,1000_2000m,1000,2000,2021,30.848534312783404,0.6950288641399083
30,Granja Solar Alanje Uno,0_500m,0,500,2021,34.14343516889517,0.6311558363675304
30,Granja Solar Alanje Uno,500_1000m,500,1000,2021,33.99953086311405,0.6328165043478264
30,Granja Solar Alanje Uno,1000_2000m,1000,2000,2021,33.969080039613594,0.6463746068028725
31,Planta Prudencia Solar,0_500m,0,500,2021,33.66090958685961,0.632201957590001
31,Planta Prudencia Solar,500_1000m,500,1000,2021,33.48642662094394,0.633518432910659
31,Planta Prudencia Solar,1000_2000m,1000,2000,2021,33.305210736200515,0.6288344860040009
32,Sol de David,0_500m,0,500,2021,31.28436982706878,0.6499157284280935
32,Sol de David,500_1000m,500,1000,2021,31.01313268551959,0.6874055656983064
32,Sol de David,1000_2000m,1000,2000,2021,30.560811670312592,0.7178100413885832
33,Parque Solar La Esperanza,0_500m,0,500,2021,31.312489779038195,0.6364252762541807
33,Parque Solar La Esperanza,500_1000m,500,1000,2021,31.033694787412884,0.6595104480740754
33,Parque Solar La Esperanza,1000_2000m,1000,2000,2021,30.63669157070109,0.7156990488099066
34,PV Sol Real,0_500m,0,500,2021,28.723030012210074,0.8256014662207357
34,PV Sol Real,500_1000m,500,1000,2021,28.874203445142527,0.8345194677114894
34,PV Sol Real,1000_2000m,1000,2000,2021,28.877483357545085,0.8155358804253153
35,Antón Solar 1,0_500m,0,500,2021,30.464437028340495,0.620174237927162
35,Antón Solar 1,500_1000m,500,1000,2021,30.53155996940191,0.608347422528875
35,Antón Solar 1,1000_2000m,1000,2000,2021,30.593856221077665,0.6156079000806697
36,Parque Fotovoltaico,0_500m,0,500,2021,30.346166679449606,0.7281612294314381
36,Parque Fotovoltaico,500_1000m,500,1000,2021,30.318942177922878,0.7165453594631258
36,Parque Fotovoltaico,1000_2000m,1000,2000,2021,30.15491773835821,0.7177211905151701
37,PV Caldera Solar,0_500m,0,500,2021,30.521218704032233,0.7114323876878567
37,PV Caldera Solar,500_1000m,500,1000,2021,30.460778610614387,0.7039361726299468
37,PV Caldera Solar,1000_2000m,1000,2000,2021,30.262979332005834,0.7192856805789234
38,Parque Fotovoltaico AES Caoba Solar,0_500m,0,500,2021,30.302614417406474,0.6914441531313187
38,Parque Fotovoltaico AES Caoba Solar,500_1000m,500,1000,2021,30.28249141805883,0.7235680441913112
38,Parque Fotovoltaico AES Caoba Solar,1000_2000m,1000,2000,2021,30.15430445123395,0.7194436724328165
39,Solar Pro,0_500m,0,500,2021,30.26472030757998,0.6925262339328185
39,Solar Pro,500_1000m,500,1000,2021,30.259922033670485,0.7244163740030937
39,Solar Pro,1000_2000m,1000,2000,2021,30.136121917898357,0.7191922646134649
40,El Fraile Solar I,0_500m,0,500,2021,32.92577463361509,0.6475768570931525
40,El Fraile Solar I,500_1000m,500,1000,2021,32.48196966698414,0.6448490458269943
40,El Fraile Solar I,1000_2000m,1000,2000,2021,32.15558458696956,0.6443472637136878
41,Corotú Solar,0_500m,0,500,2021,31.887424869190546,0.6283420370147336
41,Corotú Solar,500_1000m,500,1000,2021,31.9342901594257,0.6424502942054229
41,Corotú Solar,1000_2000m,1000,2000,2021,31.90638756743869,0.6898216003392427
42,Rodeo Solar,0_500m,0,500,2021,30.186445947485595,0.7011882659469284
42,Rodeo Solar,500_1000m,500,1000,2021,30.211610333274045,0.6824468910993456
42,Rodeo Solar,1000_2000m,1000,2000,2021,30.22696504658478,0.6624201560689585
43,Estí Solar I,0_500m,0,500,2021,31.697611428049385,0.75593315250795
43,Estí Solar I,500_1000m,500,1000,2021,31.44191351145475,0.7277216566501405
43,Estí Solar I,1000_2000m,1000,2000,2021,31.331169532206612,0.7226499708363943
44,Coclé Solar 1,0_500m,0,500,2021,29.463169029364423,0.7294945578685765
44,Coclé Solar 1,500_1000m,500,1000,2021,29.459897417507033,0.7378430363200646
44,Coclé Solar 1,1000_2000m,1000,2000,2021,29.394873864590448,0.7161523433911866
45,PV Madre Vieja,0_500m,0,500,2021,25.454106098279887,0.7291471849328794
45,PV Madre Vieja,500_1000m,500,1000,2021,25.693030342998608,0.7100920044026363
45,PV Madre Vieja,1000_2000m,1000,2000,2021,25.943590579969463,0.7053500091871947
46,Mendozas Solar,0_500m,0,500,2021,29.56539405090464,0.6058415823367064
46,Mendozas Solar,500_1000m,500,1000,2021,29.54547796404642,0.6278817675254909
46,Mendozas Solar,1000_2000m,1000,2000,2021,29.44046016487866,0.6488082463908974
47,Planta solar pacora 2,0_500m,0,500,2021,31.92764739595803,0.5531862708670259
47,Planta solar pacora 2,500_1000m,500,1000,2021,31.738482430945584,0.569097447066264
47,Planta solar pacora 2,1000_2000m,1000,2000,2021,31.590447618030012,0.5498731915735517
48,planta de paneles solares,0_500m,0,500,2021,32.63684527798168,0.5532168184488837
48,planta de paneles solares,500_1000m,500,1000,2021,32.698613716817725,0.5544382110961725
48,planta de paneles solares,1000_2000m,1000,2000,2021,32.712844891072294,0.5797636730219543
49,Parque Fotovoltaico San Juan,0_500m,0,500,2021,25.791578277578328,0.6378000307125308
49,Parque Fotovoltaico San Juan,500_1000m,500,1000,2021,25.79204035482052,0.6436348826046963
49,Parque Fotovoltaico San Juan,1000_2000m,1000,2000,2021,25.757476893434536,0.6514837976358874
1,Mayorca Solar|AES Panamá,0_500m,0,500,2022,33.430373440770275,0.5376705401682426
1,Mayorca Solar|AES Panamá,500_1000m,500,1000,2022,33.179200088253175,0.5459356708408525
1,Mayorca Solar|AES Panamá,1000_2000m,1000,2000,2022,32.85008923346119,0.5574212488261027
2,Planta Solar PSZ1,0_500m,0,500,2022,33.56173737092741,0.5973736978574962
2,Planta Solar PSZ1,500_1000m,500,1000,2022,33.494331210097506,0.5979767305418611
2,Planta Solar PSZ1,1000_2000m,1000,2000,2022,33.31271947311022,0.586399219166382
3,Los Ángeles,0_500m,0,500,2022,33.679336268437204,0.5365447546746148
3,Los Ángeles,500_1000m,500,1000,2022,33.346507699657465,0.5650931868014336
3,Los Ángeles,1000_2000m,1000,2000,2022,33.330475098774,0.5884029558977554
4,Planta solar sin nombre 1,0_500m,0,500,2022,33.82361764514196,0.5328968535117056
4,Planta solar sin nombre 1,500_1000m,500,1000,2022,33.94659094388247,0.5677344265367318
4,Planta solar sin nombre 1,1000_2000m,1000,2000,2022,33.99584254517377,0.5882190613767477
5,Argentum Solar,0_500m,0,500,2022,30.827120942897512,0.6543521069409842
5,Argentum Solar,500_1000m,500,1000,2022,30.85851232078779,0.6454922247231076
5,Argentum Solar,1000_2000m,1000,2000,2022,30.768302412013387,0.6639578576900979
6,Oro Solar,0_500m,0,500,2022,33.02384750013287,0.5880483405908757
6,Oro Solar,500_1000m,500,1000,2022,33.081500632187165,0.5913784187290971
6,Oro Solar,1000_2000m,1000,2000,2022,33.217927922797536,0.5858250646199146
7,Chupampa solar atalaya,0_500m,0,500,2022,33.360746852243835,0.5686658859784285
7,Chupampa solar atalaya,500_1000m,500,1000,2022,33.17626116746597,0.6334672233606554
7,Chupampa solar atalaya,1000_2000m,1000,2000,2022,32.619073831671834,0.663454180747616
8,Parque Fotovoltaico Paris,0_500m,0,500,2022,32.689985763746556,0.5785207725012033
8,Parque Fotovoltaico Paris,500_1000m,500,1000,2022,32.69915263941316,0.6258551503610179
8,Parque Fotovoltaico Paris,1000_2000m,1000,2000,2022,32.476641132635116,0.6332528829846029
9,Parque Solar Sarigua - Egesa,0_500m,0,500,2022,27.7362488147582,0.7089562612702865
9,Parque Solar Sarigua - Egesa,500_1000m,500,1000,2022,27.852327018912675,0.6935615059487362
9,Parque Solar Sarigua - Egesa,1000_2000m,1000,2000,2022,28.48252247198471,0.590159094236022
10,Planta fotovoltaica,0_500m,0,500,2022,31.824564737799882,0.6655695250836121
10,Planta fotovoltaica,500_1000m,500,1000,2022,31.90764868041451,0.6837750067292845
10,Planta fotovoltaica,1000_2000m,1000,2000,2022,31.849036387361142,0.6816630452496238
11,Jagüito Solar,0_500m,0,500,2022,34.64171353846157,0.5377251317725752
11,Jagüito Solar,500_1000m,500,1000,2022,34.3167807623008,0.6124397066688061
11,Jagüito Solar,1000_2000m,1000,2000,2022,33.97967357258674,0.6161932984137096
12,Planta Solar Don Félix,0_500m,0,500,2022,33.02841387724743,0.5550484916932864
12,Planta Solar Don Félix,500_1000m,500,1000,2022,33.03836968520157,0.6248898538830711
12,Planta Solar Don Félix,1000_2000m,1000,2000,2022,32.79808531197527,0.6433836038335532
13,Divisa Solar,0_500m,0,500,2022,33.428794634267845,0.5364054280977594
13,Divisa Solar,500_1000m,500,1000,2022,33.169140615489795,0.6012584952710045
13,Divisa Solar,1000_2000m,1000,2000,2022,32.790074757844785,0.6466592321995212
14,Milton Solar,0_500m,0,500,2022,32.40744550356789,0.6213016111980944
14,Milton Solar,500_1000m,500,1000,2022,32.35895027462559,0.6359178340683007
14,Milton Solar,1000_2000m,1000,2000,2022,32.437869399787466,0.6565446174569864
15,Parque Fotovoltaico Vista Alegre,0_500m,0,500,2022,32.7775615247889,0.6096011644055123
15,Parque Fotovoltaico Vista Alegre,500_1000m,500,1000,2022,32.7119949209022,0.6288427161649945
15,Parque Fotovoltaico Vista Alegre,1000_2000m,1000,2000,2022,32.445894015169436,0.6421039059462147
16,La Mesa,0_500m,0,500,2022,32.174103364183274,0.6733447943667996
16,La Mesa,500_1000m,500,1000,2022,32.19708894672115,0.6853518934942847
16,La Mesa,1000_2000m,1000,2000,2022,31.992200782273372,0.6793585690715866
17,Campo solar,0_500m,0,500,2022,32.40158527552256,0.6913678391892618
17,Campo solar,500_1000m,500,1000,2022,32.305837850910834,0.6946484666645891
17,Campo solar,1000_2000m,1000,2000,2022,32.12659991434312,0.6865754958828585
18,PV Estrella Solar,0_500m,0,500,2022,30.505030105907682,0.6434178659286592
18,PV Estrella Solar,500_1000m,500,1000,2022,30.358267604714243,0.6528208003496455
18,PV Estrella Solar,1000_2000m,1000,2000,2022,30.145921861409697,0.6833388895905966
19,Paneles Solares POCRI,0_500m,0,500,2022,34.31118979306041,0.5726016559964716
19,Paneles Solares POCRI,500_1000m,500,1000,2022,34.31424181239169,0.6275483118526833
19,Paneles Solares POCRI,1000_2000m,1000,2000,2022,34.55743901875002,0.5754014647434776
20,Planta Solar Vista Hermosa 1 y 2,0_500m,0,500,2022,34.19359923317824,0.567735757996847
20,Planta Solar Vista Hermosa 1 y 2,500_1000m,500,1000,2022,34.247166255180225,0.634711985609779
20,Planta Solar Vista Hermosa 1 y 2,1000_2000m,1000,2000,2022,34.43527238665819,0.5834922290610741
21,PFV Chiriqui Solar,0_500m,0,500,2022,31.468742242781822,0.6754638711576807
21,PFV Chiriqui Solar,500_1000m,500,1000,2022,31.41865213876112,0.6696156332645046
21,PFV Chiriqui Solar,1000_2000m,1000,2000,2022,31.199860966892434,0.6804394897896093
22,Andrea’s Solar Plant,0_500m,0,500,2022,31.819363982679917,0.6046130835996949
22,Andrea’s Solar Plant,500_1000m,500,1000,2022,31.796982390226898,0.6379250091378343
22,Andrea’s Solar Plant,1000_2000m,1000,2000,2022,31.70824872720989,0.6651390865645851
23,IKAKO III,0_500m,0,500,2022,32.55862761584772,0.6129130400132278
23,IKAKO III,500_1000m,500,1000,2022,32.553286231840374,0.6045714900524916
23,IKAKO III,1000_2000m,1000,2000,2022,32.09370191114207,0.6472420578329037
24,IKAKO II,0_500m,0,500,2022,32.64994151090016,0.6232963391333518
24,IKAKO II,500_1000m,500,1000,2022,32.5501700026254,0.6077913693049023
24,IKAKO II,1000_2000m,1000,2000,2022,32.196524032620395,0.6535835557005711
25,IKAKO I,0_500m,0,500,2022,32.67664400991461,0.6281705415165523
25,IKAKO I,500_1000m,500,1000,2022,32.54853506901373,0.620511919210814
25,IKAKO I,1000_2000m,1000,2000,2022,32.257470726209554,0.6542803443745476
26,Planta fotovoltaica Ikakos,0_500m,0,500,2022,32.540297930115806,0.6474859273713898
26,Planta fotovoltaica Ikakos,500_1000m,500,1000,2022,32.594236531382144,0.677460748259576
26,Planta fotovoltaica Ikakos,1000_2000m,1000,2000,2022,32.409376258501396,0.6416908042463585
27,Parque solar Penonomé,0_500m,0,500,2022,31.78147249475917,0.5037479773040535
27,Parque solar Penonomé,500_1000m,500,1000,2022,31.768553109330874,0.5488266776768268
27,Parque solar Penonomé,1000_2000m,1000,2000,2022,31.823347019872145,0.591840200117716
28,Proyecto fotovoltáico Alma Mater | Universidad de Panamá,0_500m,0,500,2022,31.66847478723788,0.6885790518692712
28,Proyecto fotovoltáico Alma Mater | Universidad de Panamá,500_1000m,500,1000,2022,32.00186347492051,0.6997240545829823
28,Proyecto fotovoltáico Alma Mater | Universidad de Panamá,1000_2000m,1000,2000,2022,32.4312993898967,0.658716864393022
29,PV Baco Solar,0_500m,0,500,2022,31.5098703294861,0.6306428367125997
29,PV Baco Solar,500_1000m,500,1000,2022,31.432091256184066,0.6338412434595259
29,PV Baco Solar,1000_2000m,1000,2000,2022,30.96782901830334,0.6488107635777621
30,Granja Solar Alanje Uno,0_500m,0,500,2022,33.97750399846459,0.6057198195545085
30,Granja Solar Alanje Uno,500_1000m,500,1000,2022,33.86272850882455,0.603766912374582
30,Granja Solar Alanje Uno,1000_2000m,1000,2000,2022,33.85989563295212,0.612646662918221
31,Planta Prudencia Solar,0_500m,0,500,2022,34.25692959291937,0.6315422257237475
31,Planta Prudencia Solar,500_1000m,500,1000,2022,34.02390712924565,0.6297250805606935
31,Planta Prudencia Solar,1000_2000m,1000,2000,2022,33.608522763037065,0.6338274112636276
32,Sol de David,0_500m,0,500,2022,30.512478213490233,0.6301590060200667
32,Sol de David,500_1000m,500,1000,2022,30.39762655704478,0.6855744442762235
32,Sol de David,1000_2000m,1000,2000,2022,30.15314442249883,0.687385667431397
33,Parque Solar La Esperanza,0_500m,0,500,2022,30.52915304402839,0.6508356949832775
33,Parque Solar La Esperanza,500_1000m,500,1000,2022,30.433009243875137,0.6615390242814582
33,Parque Solar La Esperanza,1000_2000m,1000,2000,2022,30.264026836822037,0.6854080036437904
34,PV Sol Real,0_500m,0,500,2022,28.721531393457138,0.7710236869565218
34,PV Sol Real,500_1000m,500,1000,2022,28.82295061704022,0.7890921281276636
34,PV Sol Real,1000_2000m,1000,2000,2022,28.82896184537046,0.7696140036475746
35,Antón Solar 1,0_500m,0,500,2022,31.606556842501533,0.5884008489758812
35,Antón Solar 1,500_1000m,500,1000,2022,31.572487568801634,0.5837915675959784
35,Antón Solar 1,1000_2000m,1000,2000,2022,31.236550935924527,0.5876437962669335
36,Parque Fotovoltaico,0_500m,0,500,2022,30.483472396809898,0.6472491344481605
36,Parque Fotovoltaico,500_1000m,500,1000,2022,30.46131048894641,0.6876986078389379
36,Parque Fotovoltaico,1000_2000m,1000,2000,2022,30.147511687709684,0.7006346422807957
37,PV Caldera Solar,0_500m,0,500,2022,30.63416983502896,0.6731932679686035
37,PV Caldera Solar,500_1000m,500,1000,2022,30.531668517743636,0.67006427868144
37,PV Caldera Solar,1000_2000m,1000,2000,2022,30.24934753146859,0.698716833002814
38,Parque Fotovoltaico AES Caoba Solar,0_500m,0,500,2022,30.55493357737992,0.6393738099382709
38,Parque Fotovoltaico AES Caoba Solar,500_1000m,500,1000,2022,30.475654851435873,0.6907137458331104
38,Parque Fotovoltaico AES Caoba Solar,1000_2000m,1000,2000,2022,30.152548671568987,0.7020915615365857
39,Solar Pro,0_500m,0,500,2022,30.52966757702898,0.6424800686780153
39,Solar Pro,500_1000m,500,1000,2022,30.460966992828926,0.6924703266330537
39,Solar Pro,1000_2000m,1000,2000,2022,30.141434034443282,0.7018742327234638
40,El Fraile Solar I,0_500m,0,500,2022,32.531807854481954,0.6103216668673972
40,El Fraile Solar I,500_1000m,500,1000,2022,32.165036688047074,0.6200351450892947
40,El Fraile Solar I,1000_2000m,1000,2000,2022,31.84616907262429,0.6217958895313089
41,Corotú Solar,0_500m,0,500,2022,31.061766295984064,0.6119453263211423
41,Corotú Solar,500_1000m,500,1000,2022,31.07069770782575,0.6291445254629119
41,Corotú Solar,1000_2000m,1000,2000,2022,30.976829982027862,0.6605351907359482
42,Rodeo Solar,0_500m,0,500,2022,30.027373123189072,0.6683449079393923
42,Rodeo Solar,500_1000m,500,1000,2022,29.96367563927808,0.6647188503841557
42,Rodeo Solar,1000_2000m,1000,2000,2022,29.849367700478513,0.6505089233526582
43,Estí Solar I,0_500m,0,500,2022,31.66241239052399,0.7166537078111223
43,Estí Solar I,500_1000m,500,1000,2022,31.45396626168351,0.6905334852159644
43,Estí Solar I,1000_2000m,1000,2000,2022,31.49423473823109,0.6842645894832918
44,Coclé Solar 1,0_500m,0,500,2022,29.59447717614715,0.6948453368429491
44,Coclé Solar 1,500_1000m,500,1000,2022,29.575110927849583,0.7199085707171979
44,Coclé Solar 1,1000_2000m,1000,2000,2022,29.494206790613426,0.7025493527247172
45,PV Madre Vieja,0_500m,0,500,2022,25.381521190505655,0.6571742429706808
45,PV Madre Vieja,500_1000m,500,1000,2022,25.657284885171624,0.632642951994332
45,PV Madre Vieja,1000_2000m,1000,2000,2022,25.91720892576434,0.6577286735138179
46,Mendozas Solar,0_500m,0,500,2022,29.00337838118577,0.5982769809207631
46,Mendozas Solar,500_1000m,500,1000,2022,29.238943291111415,0.6144794514146341
46,Mendozas Solar,1000_2000m,1000,2000,2022,29.369085484735173,0.6326773764647745
47,Planta solar pacora 2,0_500m,0,500,2022,31.687730603999114,0.49410232160280154
47,Planta solar pacora 2,500_1000m,500,1000,2022,31.71398328794482,0.5064911667245665
47,Planta solar pacora 2,1000_2000m,1000,2000,2022,31.53744341823808,0.508018561034238
48,planta de paneles solares,0_500m,0,500,2022,32.08228609254181,0.4959418598440338
48,planta de paneles solares,500_1000m,500,1000,2022,32.14431710630045,0.5308312401499435
48,planta de paneles solares,1000_2000m,1000,2000,2022,32.22808886167766,0.5757214851904745
49,Parque Fotovoltaico San Juan,0_500m,0,500,2022,25.853887197648234,0.668627147206495
49,Parque Fotovoltaico San Juan,500_1000m,500,1000,2022,25.817213845309468,0.6725377647116336
49,Parque Fotovoltaico San Juan,1000_2000m,1000,2000,2022,25.7152738157875,0.6828140898522594
1,Mayorca Solar|AES Panamá,0_500m,0,500,2023,33.64894495629348,0.5769922324903374
1,Mayorca Solar|AES Panamá,500_1000m,500,1000,2023,33.581167904666984,0.575743887683392
1,Mayorca Solar|AES Panamá,1000_2000m,1000,2000,2023,33.421663097746936,0.5765933359432337
2,Planta Solar PSZ1,0_500m,0,500,2023,34.00340849603657,0.5309568625616489
2,Planta Solar PSZ1,500_1000m,500,1000,2023,33.97402431016801,0.5452374872286792
2,Planta Solar PSZ1,1000_2000m,1000,2000,2023,33.809616823152666,0.5261449075777543
3,Los Ángeles,0_500m,0,500,2023,33.93737320422176,0.4527226733851028
3,Los Ángeles,500_1000m,500,1000,2023,33.949973423762074,0.4847423543148476
3,Los Ángeles,1000_2000m,1000,2000,2023,33.96169182860948,0.5234769391393485
4,Planta solar sin nombre 1,0_500m,0,500,2023,35.214995686375204,0.5476393725752507
4,Planta solar sin nombre 1,500_1000m,500,1000,2023,35.204964107933634,0.5866226315413721
4,Planta solar sin nombre 1,1000_2000m,1000,2000,2023,34.97194878808804,0.6171738666928129
5,Argentum Solar,0_500m,0,500,2023,31.686939938434268,0.7060934970130461
5,Argentum Solar,500_1000m,500,1000,2023,31.647234488241654,0.6919740993470462
5,Argentum Solar,1000_2000m,1000,2000,2023,31.48356268076446,0.7185795272223533
6,Oro Solar,0_500m,0,500,2023,33.594626379814216,0.5620004810075702
6,Oro Solar,500_1000m,500,1000,2023,33.54227037941551,0.5716239014492757
6,Oro Solar,1000_2000m,1000,2000,2023,33.70847489398477,0.5711062536263439
7,Chupampa solar atalaya,0_500m,0,500,2023,33.189925573142844,0.5868511918000939
7,Chupampa solar atalaya,500_1000m,500,1000,2023,33.14422565259736,0.6566117199750534
7,Chupampa solar atalaya,1000_2000m,1000,2000,2023,32.79606844457402,0.6835434927361783
8,Parque Fotovoltaico Paris,0_500m,0,500,2023,33.631954666270836,0.5818510374886358
8,Parque Fotovoltaico Paris,500_1000m,500,1000,2023,33.630823806273106,0.617404503917905
8,Parque Fotovoltaico Paris,1000_2000m,1000,2000,2023,33.605434743843006,0.6188270701903953
9,Parque Solar Sarigua - Egesa,0_500m,0,500,2023,28.51267595444161,0.7211822133173044
9,Parque Solar Sarigua - Egesa,500_1000m,500,1000,2023,28.761634123806626,0.69186467187914
9,Parque Solar Sarigua - Egesa,1000_2000m,1000,2000,2023,29.646146945566098,0.5929112024805322
10,Planta fotovoltaica,0_500m,0,500,2023,32.40703111944967,0.6795549886287628
10,Planta fotovoltaica,500_1000m,500,1000,2023,32.383095377304315,0.6890087464102053
10,Planta fotovoltaica,1000_2000m,1000,2000,2023,32.380847258116994,0.7045768928002386
11,Jagüito Solar,0_500m,0,500,2023,35.02799396305487,0.5587797979933109
11,Jagüito Solar,500_1000m,500,1000,2023,34.938890075779156,0.6085579594274206
11,Jagüito Solar,1000_2000m,1000,2000,2023,34.79969206891187,0.6095291773907698
12,Planta Solar Don Félix,0_500m,0,500,2023,34.44297652023393,0.5604436720619096
12,Planta Solar Don Félix,500_1000m,500,1000,2023,34.456758918019915,0.6328291703091825
12,Planta Solar Don Félix,1000_2000m,1000,2000,2023,33.94007025048964,0.6390501140354983
13,Divisa Solar,0_500m,0,500,2023,34.67975778514473,0.531332845339323
13,Divisa Solar,500_1000m,500,1000,2023,34.51675567729979,0.6057051106104056
13,Divisa Solar,1000_2000m,1000,2000,2023,33.91645408101307,0.643140360964204
14,Milton Solar,0_500m,0,500,2023,33.29496415468645,0.6482054264188312
14,Milton Solar,500_1000m,500,1000,2023,33.381648460837134,0.6553463029432879
14,Milton Solar,1000_2000m,1000,2000,2023,33.43245458260264,0.6689826980902072
15,Parque Fotovoltaico Vista Alegre,0_500m,0,500,2023,33.84802991816152,0.6135285733361819
15,Parque Fotovoltaico Vista Alegre,500_1000m,500,1000,2023,33.812661959655294,0.6393822131549612
15,Parque Fotovoltaico Vista Alegre,1000_2000m,1000,2000,2023,33.55424528041235,0.6516538257816739
16,La Mesa,0_500m,0,500,2023,32.50747742974526,0.6784510582293366
16,La Mesa,500_1000m,500,1000,2023,32.52423548800853,0.6963320442972613
16,La Mesa,1000_2000m,1000,2000,2023,32.28605057564867,0.6954462952077501
17,Campo solar,0_500m,0,500,2023,32.4140069269114,0.7029757072570726
17,Campo solar,500_1000m,500,1000,2023,32.403876388544056,0.7094354401022077
17,Campo solar,1000_2000m,1000,2000,2023,32.329444444140314,0.7020317499743935
18,PV Estrella Solar,0_500m,0,500,2023,31.36941159034641,0.6843718394031765
18,PV Estrella Solar,500_1000m,500,1000,2023,31.412169591115852,0.6925452768845856
18,PV Estrella Solar,1000_2000m,1000,2000,2023,31.049854546691808,0.7283188957986821
19,Paneles Solares POCRI,0_500m,0,500,2023,34.823246737688464,0.5587152046939948
19,Paneles Solares POCRI,500_1000m,500,1000,2023,34.8333137220187,0.6162387333547248
19,Paneles Solares POCRI,1000_2000m,1000,2000,2023,35.12125022835611,0.5688821926762317
20,Planta Solar Vista Hermosa 1 y 2,0_500m,0,500,2023,34.694218261604824,0.5522409288901954
20,Planta Solar Vista Hermosa 1 y 2,500_1000m,500,1000,2023,34.76702633000955,0.624065430926493
20,Planta Solar Vista Hermosa 1 y 2,1000_2000m,1000,2000,2023,35.01483065877425,0.5768070316624753
21,PFV Chiriqui Solar,0_500m,0,500,2023,31.573939454836097,0.7089445996761546
21,PFV Chiriqui Solar,500_1000m,500,1000,2023,31.51317951427386,0.7172867112345972
21,PFV Chiriqui Solar,1000_2000m,1000,2000,2023,31.360796877224693,0.7385451736024927
22,Andrea’s Solar Plant,0_500m,0,500,2023,31.994930080685247,0.6639640913163843
22,Andrea’s Solar Plant,500_1000m,500,1000,2023,31.889054747877424,0.7075389138012499
22,Andrea’s Solar Plant,1000_2000m,1000,2000,2023,31.63678605759728,0.7282624158226658
23,IKAKO III,0_500m,0,500,2023,31.988956838026862,0.6963397590039184
23,IKAKO III,500_1000m,500,1000,2023,31.971913528263986,0.6976837740325653
23,IKAKO III,1000_2000m,1000,2000,2023,31.68308885403901,0.7128371360661511
24,IKAKO II,0_500m,0,500,2023,32.133957135725225,0.697088891117172
24,IKAKO II,500_1000m,500,1000,2023,32.02494946494695,0.7038343022426004
24,IKAKO II,1000_2000m,1000,2000,2023,31.77123423459114,0.7190022303168528
25,IKAKO I,0_500m,0,500,2023,32.22742336271174,0.7004516915635605
25,IKAKO I,500_1000m,500,1000,2023,32.0565887089593,0.7140493608758003
25,IKAKO I,1000_2000m,1000,2000,2023,31.830132130244472,0.7203438235261368
26,Planta fotovoltaica Ikakos,0_500m,0,500,2023,32.26326201060959,0.7322223085045243
26,Planta fotovoltaica Ikakos,500_1000m,500,1000,2023,32.17897052785391,0.7499970592301552
26,Planta fotovoltaica Ikakos,1000_2000m,1000,2000,2023,31.992146308205967,0.7130249901975633
27,Parque solar Penonomé,0_500m,0,500,2023,31.707360157941906,0.5232305244423034
27,Parque solar Penonomé,500_1000m,500,1000,2023,31.791850562875567,0.5700682809460427
27,Parque solar Penonomé,1000_2000m,1000,2000,2023,31.85286337878206,0.5938687950545799
28,Proyecto fotovoltáico Alma Mater | Universidad de Panamá,0_500m,0,500,2023,31.781553805693143,0.7143211712674702
28,Proyecto fotovoltáico Alma Mater | Universidad de Panamá,500_1000m,500,1000,2023,32.10854605544156,0.7515411298195873
28,Proyecto fotovoltáico Alma Mater | Universidad de Panamá,1000_2000m,1000,2000,2023,32.26070500123879,0.7346490749910604
29,PV Baco Solar,0_500m,0,500,2023,31.53243115774663,0.6821287774495783
29,PV Baco Solar,500_1000m,500,1000,2023,31.397495963012872,0.7111420093585092
29,PV Baco Solar,1000_2000m,1000,2000,2023,30.943454978255136,0.728459010939778
30,Granja Solar Alanje Uno,0_500m,0,500,2023,33.7627510965445,0.6831330397301352
30,Granja Solar Alanje Uno,500_1000m,500,1000,2023,33.80522245484081,0.6579493516164995
30,Granja Solar Alanje Uno,1000_2000m,1000,2000,2023,33.90422438894592,0.6693014565495741
31,Planta Prudencia Solar,0_500m,0,500,2023,33.144490326444604,0.6955285359470141
31,Planta Prudencia Solar,500_1000m,500,1000,2023,33.08259482233418,0.6860035094600315
31,Planta Prudencia Solar,1000_2000m,1000,2000,2023,32.990882813425124,0.6677727053511368
32,Sol de David,0_500m,0,500,2023,31.032568550109907,0.6894252173913046
32,Sol de David,500_1000m,500,1000,2023,30.813865465386424,0.7464712479739241
32,Sol de David,1000_2000m,1000,2000,2023,30.48765569194706,0.7613398948681392
33,Parque Solar La Esperanza,0_500m,0,500,2023,30.903627589544712,0.7022800200668895
33,Parque Solar La Esperanza,500_1000m,500,1000,2023,30.810971961757474,0.7138922802447769
33,Parque Solar La Esperanza,1000_2000m,1000,2000,2023,30.581845293624788,0.7519857287469683
34,PV Sol Real,0_500m,0,500,2023,29.185560138067117,0.8504032575250836
34,PV Sol Real,500_1000m,500,1000,2023,29.305754841515807,0.8605130582045524
34,PV Sol Real,1000_2000m,1000,2000,2023,29.30488283171901,0.8269099074162769
35,Antón Solar 1,0_500m,0,500,2023,33.254651140538535,0.5515878469436871
35,Antón Solar 1,500_1000m,500,1000,2023,33.05900493259244,0.540635297969292
35,Antón Solar 1,1000_2000m,1000,2000,2023,32.725498588763905,0.5660682137472531
36,Parque Fotovoltaico,0_500m,0,500,2023,31.20832570869994,0.6322777859531772
36,Parque Fotovoltaico,500_1000m,500,1000,2023,31.216871422468174,0.7000564641786252
36,Parque Fotovoltaico,1000_2000m,1000,2000,2023,30.850112759535133,0.7286425613405544
37,PV Caldera Solar,0_500m,0,500,2023,31.53347780846451,0.6643601127809479
37,PV Caldera Solar,500_1000m,500,1000,2023,31.428458225417334,0.6839707440623369
37,PV Caldera Solar,1000_2000m,1000,2000,2023,30.88322664687819,0.7269414202059725
38,Parque Fotovoltaico AES Caoba Solar,0_500m,0,500,2023,31.273094391062894,0.6446049611012172
38,Parque Fotovoltaico AES Caoba Solar,500_1000m,500,1000,2023,31.190029383414597,0.6906347113036343
38,Parque Fotovoltaico AES Caoba Solar,1000_2000m,1000,2000,2023,30.82865346349867,0.7334329222766659
39,Solar Pro,0_500m,0,500,2023,31.232514171594865,0.6521337230432113
39,Solar Pro,500_1000m,500,1000,2023,31.15943486327402,0.6897873746762422
39,Solar Pro,1000_2000m,1000,2000,2023,30.81661097486299,0.7335733874490226
40,El Fraile Solar I,0_500m,0,500,2023,33.81715175885386,0.6318980756620767
40,El Fraile Solar I,500_1000m,500,1000,2023,33.34991406035962,0.654107096911949
40,El Fraile Solar I,1000_2000m,1000,2000,2023,32.953910104793415,0.6612442391777071
41,Corotú Solar,0_500m,0,500,2023,31.419501190941638,0.7168198188071248
41,Corotú Solar,500_1000m,500,1000,2023,31.411575522864343,0.7361146372208838
41,Corotú Solar,1000_2000m,1000,2000,2023,31.296669313995334,0.7581044050343247
42,Rodeo Solar,0_500m,0,500,2023,31.135080129299578,0.7179396595494509
42,Rodeo Solar,500_1000m,500,1000,2023,31.06390718833729,0.7144305377292902
42,Rodeo Solar,1000_2000m,1000,2000,2023,31.143112361303267,0.6898948849628639
43,Estí Solar I,0_500m,0,500,2023,31.57961429746965,0.7962742470805166
43,Estí Solar I,500_1000m,500,1000,2023,31.377919057177884,0.7601415486678315
43,Estí Solar I,1000_2000m,1000,2000,2023,31.3235530797555,0.7535966398406014
44,Coclé Solar 1,0_500m,0,500,2023,30.404837467637112,0.7068111461478849
44,Coclé Solar 1,500_1000m,500,1000,2023,30.22303831802995,0.7284825308891725
44,Coclé Solar 1,1000_2000m,1000,2000,2023,30.128625219203887,0.7086522379728294
45,PV Madre Vieja,0_500m,0,500,2023,26.02656054571604,0.7783500100180327
45,PV Madre Vieja,500_1000m,500,1000,2023,26.205219444800676,0.7444879551358891
45,PV Madre Vieja,1000_2000m,1000,2000,2023,26.558792387131845,0.7456914534587843
46,Mendozas Solar,0_500m,0,500,2023,30.365445898213476,0.5898730384117967
46,Mendozas Solar,500_1000m,500,1000,2023,30.416029819811264,0.5971694664132768
46,Mendozas Solar,1000_2000m,1000,2000,2023,30.236037767198518,0.6192772079968513
47,Planta solar pacora 2,0_500m,0,500,2023,33.2814526814203,0.5745218981809433
47,Planta solar pacora 2,500_1000m,500,1000,2023,33.10022723039391,0.5981543589606549
47,Planta solar pacora 2,1000_2000m,1000,2000,2023,32.917875186078106,0.5776122426477536
48,planta de paneles solares,0_500m,0,500,2023,33.21679303429305,0.5807497022219849
48,planta de paneles solares,500_1000m,500,1000,2023,33.21816467067267,0.5689701840458025
48,planta de paneles solares,1000_2000m,1000,2000,2023,33.31838402058757,0.5994751163196629
49,Parque Fotovoltaico San Juan,0_500m,0,500,2023,26.256245119019354,0.7030230517572909
49,Parque Fotovoltaico San Juan,500_1000m,500,1000,2023,26.376087378118388,0.6820286019670323
49,Parque Fotovoltaico San Juan,1000_2000m,1000,2000,2023,26.502335127924344,0.6823125181816363
1,Mayorca Solar|AES Panamá,0_500m,0,500,2024,32.27970642388362,0.5745793695585306
1,Mayorca Solar|AES Panamá,500_1000m,500,1000,2024,32.160451651434336,0.5892697558645201
1,Mayorca Solar|AES Panamá,1000_2000m,1000,2000,2024,32.12532053340907,0.5959169202954321
2,Planta Solar PSZ1,0_500m,0,500,2024,32.206337383443795,0.5682902645050054
2,Planta Solar PSZ1,500_1000m,500,1000,2024,32.22268228821671,0.5675872911414995
2,Planta Solar PSZ1,1000_2000m,1000,2000,2024,32.297593714098056,0.5570898693444479
3,Los Ángeles,0_500m,0,500,2024,32.57236333868458,0.5059019861265187
3,Los Ángeles,500_1000m,500,1000,2024,32.440487108304595,0.5332238185642727
3,Los Ángeles,1000_2000m,1000,2000,2024,32.3054565351626,0.5738006012524236
4,Planta solar sin nombre 1,0_500m,0,500,2024,33.09323228463352,0.5564309096989966
4,Planta solar sin nombre 1,500_1000m,500,1000,2024,33.1240358896051,0.601159728617834
4,Planta solar sin nombre 1,1000_2000m,1000,2000,2024,32.95363718982586,0.6313698485581154
5,Argentum Solar,0_500m,0,500,2024,30.291763452885828,0.6812276541027085
5,Argentum Solar,500_1000m,500,1000,2024,30.18759164554944,0.6724413696432155
5,Argentum Solar,1000_2000m,1000,2000,2024,30.0429770411965,0.6937882744328584
6,Oro Solar,0_500m,0,500,2024,31.351172840322032,0.6066603282642195
6,Oro Solar,500_1000m,500,1000,2024,31.216719483218085,0.6175487210702342
6,Oro Solar,1000_2000m,1000,2000,2024,31.217715275390198,0.6216987593867317
7,Chupampa solar atalaya,0_500m,0,500,2024,32.44942606546,0.5750397105915457
7,Chupampa solar atalaya,500_1000m,500,1000,2024,32.43932847354316,0.6412871939593728
7,Chupampa solar atalaya,1000_2000m,1000,2000,2024,32.25569782401152,0.6572332197207155
8,Parque Fotovoltaico Paris,0_500m,0,500,2024,31.37893958631673,0.6043848467832504
8,Parque Fotovoltaico Paris,500_1000m,500,1000,2024,31.411588822905603,0.6441002787353889
8,Parque Fotovoltaico Paris,1000_2000m,1000,2000,2024,31.347219761390477,0.656025119212789
9,Parque Solar Sarigua - Egesa,0_500m,0,500,2024,27.6807306015245,0.6734968650237092
9,Parque Solar Sarigua - Egesa,500_1000m,500,1000,2024,27.876217403093836,0.6654134715210916
9,Parque Solar Sarigua - Egesa,1000_2000m,1000,2000,2024,28.694187720671056,0.5812343507790039
10,Planta fotovoltaica,0_500m,0,500,2024,31.082963636363676,0.6765248147157191
10,Planta fotovoltaica,500_1000m,500,1000,2024,31.112550686680706,0.6841530537189161
10,Planta fotovoltaica,1000_2000m,1000,2000,2024,31.037302232220018,0.6939779265070527
11,Jagüito Solar,0_500m,0,500,2024,33.20421292707294,0.5961746247491638
11,Jagüito Solar,500_1000m,500,1000,2024,33.015044957222855,0.6398211428418634
11,Jagüito Solar,1000_2000m,1000,2000,2024,32.82257504406661,0.6353354283926752
12,Planta Solar Don Félix,0_500m,0,500,2024,32.22328964289377,0.5656860931046928
12,Planta Solar Don Félix,500_1000m,500,1000,2024,32.087658044850194,0.6550442052773366
12,Planta Solar Don Félix,1000_2000m,1000,2000,2024,31.981849266275823,0.6694477935690223
13,Divisa Solar,0_500m,0,500,2024,32.165790475092265,0.5510511845553238
13,Divisa Solar,500_1000m,500,1000,2024,32.090215784723796,0.6302218406568942
13,Divisa Solar,1000_2000m,1000,2000,2024,31.891148946459467,0.6739875399432165
14,Milton Solar,0_500m,0,500,2024,31.982925790234905,0.6609186706277517
14,Milton Solar,500_1000m,500,1000,2024,31.96759235292015,0.6831602466636645
14,Milton Solar,1000_2000m,1000,2000,2024,31.645802270274167,0.6813034477576219
15,Parque Fotovoltaico Vista Alegre,0_500m,0,500,2024,31.834405566811355,0.6458295267599616
15,Parque Fotovoltaico Vista Alegre,500_1000m,500,1000,2024,31.828360367084063,0.6584753137123748
15,Parque Fotovoltaico Vista Alegre,1000_2000m,1000,2000,2024,31.601403070747008,0.674989307754958
16,La Mesa,0_500m,0,500,2024,30.457096333938722,0.7035227973597713
16,La Mesa,500_1000m,500,1000,2024,30.492260681510114,0.6955793402592315
16,La Mesa,1000_2000m,1000,2000,2024,30.493352051506875,0.6852749858056069
17,Campo solar,0_500m,0,500,2024,30.374353886515056,0.718943313813573
17,Campo solar,500_1000m,500,1000,2024,30.434453059270133,0.7149395404222735
17,Campo solar,1000_2000m,1000,2000,2024,30.467735823841316,0.6898310141661733
18,PV Estrella Solar,0_500m,0,500,2024,29.799319803198063,0.6519502620460988
18,PV Estrella Solar,500_1000m,500,1000,2024,29.833212460606934,0.6549576898329899
18,PV Estrella Solar,1000_2000m,1000,2000,2024,29.553593942811542,0.6982258424688549
19,Paneles Solares POCRI,0_500m,0,500,2024,33.21501765974903,0.6021974845961587
19,Paneles Solares POCRI,500_1000m,500,1000,2024,33.24663206825032,0.6479240810560277
19,Paneles Solares POCRI,1000_2000m,1000,2000,2024,33.44924783885374,0.5919716056723849
20,Planta Solar Vista Hermosa 1 y 2,0_500m,0,500,2024,33.061651859301456,0.5923573581678736
20,Planta Solar Vista Hermosa 1 y 2,500_1000m,500,1000,2024,33.216523120046844,0.6575643097553038
20,Planta Solar Vista Hermosa 1 y 2,1000_2000m,1000,2000,2024,33.3840750979605,0.599880396020415
21,PFV Chiriqui Solar,0_500m,0,500,2024,30.486217987497493,0.6929868360833435
21,PFV Chiriqui Solar,500_1000m,500,1000,2024,30.39955714006475,0.6806216378937419
21,PFV Chiriqui Solar,1000_2000m,1000,2000,2024,30.22353405646165,0.6959778129737894
22,Andrea’s Solar Plant,0_500m,0,500,2024,30.95202787319705,0.6518741778449442
22,Andrea’s Solar Plant,500_1000m,500,1000,2024,30.696712809932343,0.6864421936151056
22,Andrea’s Solar Plant,1000_2000m,1000,2000,2024,30.405479132292072,0.6960177196627563
23,IKAKO III,0_500m,0,500,2024,31.408356191818402,0.6571256014871679
23,IKAKO III,500_1000m,500,1000,2024,31.348279502174446,0.670740277486654
23,IKAKO III,1000_2000m,1000,2000,2024,31.043529105623936,0.6784655430661554
24,IKAKO II,0_500m,0,500,2024,31.438963913026264,0.6491897080057758
24,IKAKO II,500_1000m,500,1000,2024,31.390236620327535,0.6756483907512797
24,IKAKO II,1000_2000m,1000,2000,2024,31.162206015757484,0.6858814179238276
25,IKAKO I,0_500m,0,500,2024,31.435270436386027,0.6460543651960128
25,IKAKO I,500_1000m,500,1000,2024,31.40676976959125,0.6843135178108548
25,IKAKO I,1000_2000m,1000,2000,2024,31.24403416962186,0.6871455488504143
26,Planta fotovoltaica Ikakos,0_500m,0,500,2024,31.36007792434779,0.6810119448268489
26,Planta fotovoltaica Ikakos,500_1000m,500,1000,2024,31.431017708460885,0.7060562198129572
26,Planta fotovoltaica Ikakos,1000_2000m,1000,2000,2024,31.457979900927967,0.6786915244570785
27,Parque solar Penonomé,0_500m,0,500,2024,30.255247152970163,0.48800050316485355
27,Parque solar Penonomé,500_1000m,500,1000,2024,30.4439031020614,0.5477564830106701
27,Parque solar Penonomé,1000_2000m,1000,2000,2024,30.5528234158382,0.5882418987706542
28,Proyecto fotovoltáico Alma Mater | Universidad de Panamá,0_500m,0,500,2024,31.199063083648923,0.6234739517917746
28,Proyecto fotovoltáico Alma Mater | Universidad de Panamá,500_1000m,500,1000,2024,31.352728444549083,0.7038636392815593
28,Proyecto fotovoltáico Alma Mater | Universidad de Panamá,1000_2000m,1000,2000,2024,31.484332924579395,0.6938441755127457
29,PV Baco Solar,0_500m,0,500,2024,31.421691392560746,0.6262317178791482
29,PV Baco Solar,500_1000m,500,1000,2024,31.290020905280432,0.648117998849144
29,PV Baco Solar,1000_2000m,1000,2000,2024,30.956266202195692,0.6690316356394242
30,Granja Solar Alanje Uno,0_500m,0,500,2024,33.70132696435874,0.6464109579139004
30,Granja Solar Alanje Uno,500_1000m,500,1000,2024,33.61014111435236,0.6201946630992194
30,Granja Solar Alanje Uno,1000_2000m,1000,2000,2024,33.61546929631886,0.6329172592551353
31,Planta Prudencia Solar,0_500m,0,500,2024,33.23538225250728,0.6502696560196557
31,Planta Prudencia Solar,500_1000m,500,1000,2024,33.02923542169809,0.6365057526797853
31,Planta Prudencia Solar,1000_2000m,1000,2000,2024,32.633485615247274,0.6393509747969551
32,Sol de David,0_500m,0,500,2024,32.05045423080823,0.6544058113712373
32,Sol de David,500_1000m,500,1000,2024,31.80308397207235,0.688093426607057
32,Sol de David,1000_2000m,1000,2000,2024,31.127251900358445,0.7085016650703845
33,Parque Solar La Esperanza,0_500m,0,500,2024,31.98554038309518,0.6498505110367893
33,Parque Solar La Esperanza,500_1000m,500,1000,2024,31.81785491497317,0.6708021373392086
33,Parque Solar La Esperanza,1000_2000m,1000,2000,2024,31.345652789726422,0.7013257821565632
34,PV Sol Real,0_500m,0,500,2024,28.78479092194907,0.7925927424749165
34,PV Sol Real,500_1000m,500,1000,2024,28.872188895599336,0.8037797495637894
34,PV Sol Real,1000_2000m,1000,2000,2024,28.86180917297373,0.7780838915237771
35,Antón Solar 1,0_500m,0,500,2024,30.69806253223827,0.6026045229691429
35,Antón Solar 1,500_1000m,500,1000,2024,30.74839587763325,0.60275274584304
35,Antón Solar 1,1000_2000m,1000,2000,2024,30.827553809516544,0.6156113489665913
36,Parque Fotovoltaico,0_500m,0,500,2024,31.01218239720285,0.63287981270903
36,Parque Fotovoltaico,500_1000m,500,1000,2024,31.018148762112702,0.6680520400514027
36,Parque Fotovoltaico,1000_2000m,1000,2000,2024,30.672692818523203,0.691302281219338
37,PV Caldera Solar,0_500m,0,500,2024,31.591147137533056,0.6261698531972464
37,PV Caldera Solar,500_1000m,500,1000,2024,31.36690493368895,0.6590296105712901
37,PV Caldera Solar,1000_2000m,1000,2000,2024,30.80540094374325,0.689824095042652
38,Parque Fotovoltaico AES Caoba Solar,0_500m,0,500,2024,30.998531174697437,0.6223424940747982
38,Parque Fotovoltaico AES Caoba Solar,500_1000m,500,1000,2024,30.922521758742242,0.6630428445371411
38,Parque Fotovoltaico AES Caoba Solar,1000_2000m,1000,2000,2024,30.58425478042759,0.6923474504354953
39,Solar Pro,0_500m,0,500,2024,30.908845811216086,0.628567796157238
39,Solar Pro,500_1000m,500,1000,2024,30.870492815633146,0.663433389949135
39,Solar Pro,1000_2000m,1000,2000,2024,30.55438432380844,0.6917669994205873
40,El Fraile Solar I,0_500m,0,500,2024,31.76243261318936,0.6295384814056499
40,El Fraile Solar I,500_1000m,500,1000,2024,31.543973696888695,0.6459924609211661
40,El Fraile Solar I,1000_2000m,1000,2000,2024,31.31908287360561,0.6485701333745622
41,Corotú Solar,0_500m,0,500,2024,30.627762896944922,0.667539074230198
41,Corotú Solar,500_1000m,500,1000,2024,30.681115192936215,0.6718087308410132
41,Corotú Solar,1000_2000m,1000,2000,2024,30.744638343121153,0.6890377232679481
42,Rodeo Solar,0_500m,0,500,2024,29.79598134801833,0.7029576641458005
42,Rodeo Solar,500_1000m,500,1000,2024,29.822361699114325,0.6985834683672928
42,Rodeo Solar,1000_2000m,1000,2000,2024,29.916536600455434,0.6742409210762098
43,Estí Solar I,0_500m,0,500,2024,31.015766715044983,0.7628533163197136
43,Estí Solar I,500_1000m,500,1000,2024,30.675993190524697,0.7259118343617362
43,Estí Solar I,1000_2000m,1000,2000,2024,30.639712053257174,0.7229924009884454
44,Coclé Solar 1,0_500m,0,500,2024,29.82146759123293,0.6960735830148848
44,Coclé Solar 1,500_1000m,500,1000,2024,29.729415909330204,0.7115858134333997
44,Coclé Solar 1,1000_2000m,1000,2000,2024,29.670748743363617,0.6940901762728382
45,PV Madre Vieja,0_500m,0,500,2024,26.06979015966114,0.7035623215120552
45,PV Madre Vieja,500_1000m,500,1000,2024,26.05837865235836,0.6881831920003921
45,PV Madre Vieja,1000_2000m,1000,2000,2024,26.13258212892867,0.6901174929759716
46,Mendozas Solar,0_500m,0,500,2024,29.37126221771053,0.6699552817887284
46,Mendozas Solar,500_1000m,500,1000,2024,29.384644027300816,0.6861746344915369
46,Mendozas Solar,1000_2000m,1000,2000,2024,28.978243204363658,0.6993628190700295
47,Planta solar pacora 2,0_500m,0,500,2024,31.84252537343619,0.5823272510993197
47,Planta solar pacora 2,500_1000m,500,1000,2024,31.679489831028924,0.6048310801421662
47,Planta solar pacora 2,1000_2000m,1000,2000,2024,31.60787545321257,0.585458783626823
48,planta de paneles solares,0_500m,0,500,2024,32.59657377238901,0.5803467404657622
48,planta de paneles solares,500_1000m,500,1000,2024,32.6331743249887,0.5809844260032591
48,planta de paneles solares,1000_2000m,1000,2000,2024,32.758542856926816,0.6020052274640036
49,Parque Fotovoltaico San Juan,0_500m,0,500,2024,25.97842875705381,0.7169814910265997
49,Parque Fotovoltaico San Juan,500_1000m,500,1000,2024,25.817951694029066,0.713915407828131
49,Parque Fotovoltaico San Juan,1000_2000m,1000,2000,2024,25.805480912988806,0.7218263775296069
1,Mayorca Solar|AES Panamá,0_500m,0,500,2025,29.741963682262245,0.6131469942358871
1,Mayorca Solar|AES Panamá,500_1000m,500,1000,2025,29.65303889742171,0.6120841941475349
1,Mayorca Solar|AES Panamá,1000_2000m,1000,2000,2025,29.462403567691812,0.6089468235060553
2,Planta Solar PSZ1,0_500m,0,500,2025,29.426743807437333,0.598150595436988
2,Planta Solar PSZ1,500_1000m,500,1000,2025,29.472073346976728,0.6092830200548774
2,Planta Solar PSZ1,1000_2000m,1000,2000,2025,29.536213687895934,0.6080912218379193
3,Los Ángeles,0_500m,0,500,2025,29.84292455315974,0.5540650275999413
3,Los Ángeles,500_1000m,500,1000,2025,29.91388329785181,0.5798002495677134
3,Los Ángeles,1000_2000m,1000,2000,2025,29.8902035955688,0.6122191668709472
4,Planta solar sin nombre 1,0_500m,0,500,2025,30.81873888594165,0.5953810541806019
4,Planta solar sin nombre 1,500_1000m,500,1000,2025,30.80454931972791,0.6421183974976794
4,Planta solar sin nombre 1,1000_2000m,1000,2000,2025,30.69873559289546,0.6664433433314085
5,Argentum Solar,0_500m,0,500,2025,28.578412336550972,0.7190515229446277
5,Argentum Solar,500_1000m,500,1000,2025,28.54272855909289,0.7140717148396587
5,Argentum Solar,1000_2000m,1000,2000,2025,28.364920942519543,0.7423688125548435
6,Oro Solar,0_500m,0,500,2025,30.945902261599677,0.6483186320091113
6,Oro Solar,500_1000m,500,1000,2025,30.852104217698265,0.646093338684504
6,Oro Solar,1000_2000m,1000,2000,2025,30.80718492449025,0.6463991821307142
7,Chupampa solar atalaya,0_500m,0,500,2025,29.94441936010155,0.613161314396731
7,Chupampa solar atalaya,500_1000m,500,1000,2025,29.915503413291564,0.6882901340876691
7,Chupampa solar atalaya,1000_2000m,1000,2000,2025,29.754730735121708,0.7109487242242072
8,Parque Fotovoltaico Paris,0_500m,0,500,2025,30.527418409937795,0.6480347491844484
8,Parque Fotovoltaico Paris,500_1000m,500,1000,2025,30.4788651155592,0.67200757268304
8,Parque Fotovoltaico Paris,1000_2000m,1000,2000,2025,30.366129466776762,0.6799127776941974
9,Parque Solar Sarigua - Egesa,0_500m,0,500,2025,26.808553374337425,0.7516730902290789
9,Parque Solar Sarigua - Egesa,500_1000m,500,1000,2025,26.95897178225071,0.7329845325822871
9,Parque Solar Sarigua - Egesa,1000_2000m,1000,2000,2025,27.60753887808184,0.6214280688321481
10,Planta fotovoltaica,0_500m,0,500,2025,29.344252991453015,0.730156193979933
10,Planta fotovoltaica,500_1000m,500,1000,2025,29.30305378343016,0.729252452191723
10,Planta fotovoltaica,1000_2000m,1000,2000,2025,29.18433497800152,0.7499134518837537
11,Jagüito Solar,0_500m,0,500,2025,30.809234119658147,0.572277102341137
11,Jagüito Solar,500_1000m,500,1000,2025,30.844696006173447,0.6286415824375637
11,Jagüito Solar,1000_2000m,1000,2000,2025,30.654949616162607,0.6407806196898989
12,Planta Solar Don Félix,0_500m,0,500,2025,30.410679603565203,0.585198607305631
12,Planta Solar Don Félix,500_1000m,500,1000,2025,30.4200412952418,0.6659872486663931
12,Planta Solar Don Félix,1000_2000m,1000,2000,2025,30.06481825079241,0.6894702443076914
13,Divisa Solar,0_500m,0,500,2025,30.666785252367678,0.5722844871383497
13,Divisa Solar,500_1000m,500,1000,2025,30.502589125108088,0.6460003446556117
13,Divisa Solar,1000_2000m,1000,2000,2025,30.042391429124034,0.6911391154038855
14,Milton Solar,0_500m,0,500,2025,29.62104514894565,0.6775112569753905
14,Milton Solar,500_1000m,500,1000,2025,29.601373957412363,0.6942559817722154
14,Milton Solar,1000_2000m,1000,2000,2025,29.625397179643947,0.7150140343885161
15,Parque Fotovoltaico Vista Alegre,0_500m,0,500,2025,30.1094520973496,0.6588594621301144
15,Parque Fotovoltaico Vista Alegre,500_1000m,500,1000,2025,29.988495723307047,0.674739801560758
15,Parque Fotovoltaico Vista Alegre,1000_2000m,1000,2000,2025,29.681011365806405,0.6958444243027245
16,La Mesa,0_500m,0,500,2025,28.92347143442504,0.7325112276529221
16,La Mesa,500_1000m,500,1000,2025,28.996686139061158,0.7401942069045329
16,La Mesa,1000_2000m,1000,2000,2025,28.876573328410984,0.7377254472625415
17,Campo solar,0_500m,0,500,2025,29.0628756272087,0.7501868776405156
17,Campo solar,500_1000m,500,1000,2025,28.97999911590864,0.7530499379009175
17,Campo solar,1000_2000m,1000,2000,2025,28.91572179589515,0.7440591009089333
18,PV Estrella Solar,0_500m,0,500,2025,29.08105067048594,0.730319620033157
18,PV Estrella Solar,500_1000m,500,1000,2025,29.06641417310482,0.735106521516142
18,PV Estrella Solar,1000_2000m,1000,2000,2025,28.837491872988892,0.751257883398906
19,Paneles Solares POCRI,0_500m,0,500,2025,30.819372145873714,0.6400777128804181
19,Paneles Solares POCRI,500_1000m,500,1000,2025,30.902807582482676,0.6908073310515715
19,Paneles Solares POCRI,1000_2000m,1000,2000,2025,31.29269816179983,0.6278641355849163
20,Planta Solar Vista Hermosa 1 y 2,0_500m,0,500,2025,30.71834167502842,0.6308879172122606
20,Planta Solar Vista Hermosa 1 y 2,500_1000m,500,1000,2025,30.875619829266626,0.6987148052550163
20,Planta Solar Vista Hermosa 1 y 2,1000_2000m,1000,2000,2025,31.198426663986766,0.6360802918748654
21,PFV Chiriqui Solar,0_500m,0,500,2025,29.628724162048297,0.7349199017757971
21,PFV Chiriqui Solar,500_1000m,500,1000,2025,29.43565567772091,0.7298731085016528
21,PFV Chiriqui Solar,1000_2000m,1000,2000,2025,29.087775000080068,0.7587046032793753
22,Andrea’s Solar Plant,0_500m,0,500,2025,28.543039199922585,0.6968346956789216
22,Andrea’s Solar Plant,500_1000m,500,1000,2025,28.512335039296715,0.7396590014353084
22,Andrea’s Solar Plant,1000_2000m,1000,2000,2025,28.307019176043667,0.7568515471482142
23,IKAKO III,0_500m,0,500,2025,29.57509461949008,0.7383329076003371
23,IKAKO III,500_1000m,500,1000,2025,29.465952143405545,0.7244928309258027
23,IKAKO III,1000_2000m,1000,2000,2025,29.122029261325537,0.7388463652280842
24,IKAKO II,0_500m,0,500,2025,29.594040930692724,0.7398699195144125
24,IKAKO II,500_1000m,500,1000,2025,29.450665708035086,0.7307342563022958
24,IKAKO II,1000_2000m,1000,2000,2025,29.142038841971303,0.7464492670845629
25,IKAKO I,0_500m,0,500,2025,29.55016466237183,0.7385890369044119
25,IKAKO I,500_1000m,500,1000,2025,29.431333464144256,0.7454824897784664
25,IKAKO I,1000_2000m,1000,2000,2025,29.15587606737087,0.7473281772532422
26,Planta fotovoltaica Ikakos,0_500m,0,500,2025,29.23178542460543,0.7700029591413947
26,Planta fotovoltaica Ikakos,500_1000m,500,1000,2025,29.26336975045638,0.7956736302942997
26,Planta fotovoltaica Ikakos,1000_2000m,1000,2000,2025,29.200394317769014,0.7406023219521103
27,Parque solar Penonomé,0_500m,0,500,2025,29.407593999409272,0.5110821108836165
27,Parque solar Penonomé,500_1000m,500,1000,2025,29.276034459558492,0.576364059989049
27,Parque solar Penonomé,1000_2000m,1000,2000,2025,29.180868154152122,0.6305468997108273
28,Proyecto fotovoltáico Alma Mater | Universidad de Panamá,0_500m,0,500,2025,28.787372614568188,0.7243948023836883
28,Proyecto fotovoltáico Alma Mater | Universidad de Panamá,500_1000m,500,1000,2025,28.992747952346686,0.7941562876974312
28,Proyecto fotovoltáico Alma Mater | Universidad de Panamá,1000_2000m,1000,2000,2025,29.20224347251088,0.7775673108179316
29,PV Baco Solar,0_500m,0,500,2025,29.000834264443704,0.7342820914473596
29,PV Baco Solar,500_1000m,500,1000,2025,28.98656690273299,0.7408910719463289
29,PV Baco Solar,1000_2000m,1000,2000,2025,28.808553633467415,0.7466424966231127
30,Granja Solar Alanje Uno,0_500m,0,500,2025,30.49113994366574,0.7087866258834868
30,Granja Solar Alanje Uno,500_1000m,500,1000,2025,30.539851197244563,0.7019109293199557
30,Granja Solar Alanje Uno,1000_2000m,1000,2000,2025,30.650715505475546,0.7163360374102319
31,Planta Prudencia Solar,0_500m,0,500,2025,29.884252422045122,0.7451454171562868
31,Planta Prudencia Solar,500_1000m,500,1000,2025,29.830883240648323,0.7147391335546989
31,Planta Prudencia Solar,1000_2000m,1000,2000,2025,29.6978338856214,0.7097486374895863
32,Sol de David,0_500m,0,500,2025,29.025004739703217,0.6970638622073577
32,Sol de David,500_1000m,500,1000,2025,28.787864669395148,0.7282843466683292
32,Sol de David,1000_2000m,1000,2000,2025,28.47851886819796,0.7667749602414462
33,Parque Solar La Esperanza,0_500m,0,500,2025,28.83582948958485,0.673866624749164
33,Parque Solar La Esperanza,500_1000m,500,1000,2025,28.684536806811483,0.7057765472516101
33,Parque Solar La Esperanza,1000_2000m,1000,2000,2025,28.554761192412837,0.7654416891062692
34,PV Sol Real,0_500m,0,500,2025,27.63169634620545,0.8507027959866222
34,PV Sol Real,500_1000m,500,1000,2025,27.717005401198993,0.8640954901847033
34,PV Sol Real,1000_2000m,1000,2000,2025,27.714570142800465,0.8284480415067353
35,Antón Solar 1,0_500m,0,500,2025,29.237315531291134,0.6282708594042463
35,Antón Solar 1,500_1000m,500,1000,2025,29.22790275054206,0.6198978842153557
35,Antón Solar 1,1000_2000m,1000,2000,2025,29.24867033810048,0.6384927874488856
36,Parque Fotovoltaico,0_500m,0,500,2025,28.7443677712032,0.7126430876254182
36,Parque Fotovoltaico,500_1000m,500,1000,2025,28.72089455788047,0.738990394981081
36,Parque Fotovoltaico,1000_2000m,1000,2000,2025,28.522015881166663,0.7537653601693731
37,PV Caldera Solar,0_500m,0,500,2025,29.02604018588628,0.7190992552707013
37,PV Caldera Solar,500_1000m,500,1000,2025,28.915249096775245,0.7211451837100202
37,PV Caldera Solar,1000_2000m,1000,2000,2025,28.57619195124623,0.7549771954868214
38,Parque Fotovoltaico AES Caoba Solar,0_500m,0,500,2025,28.718752334242343,0.7057235374459369
38,Parque Fotovoltaico AES Caoba Solar,500_1000m,500,1000,2025,28.676191769744225,0.733627397632672
38,Parque Fotovoltaico AES Caoba Solar,1000_2000m,1000,2000,2025,28.53362278715743,0.7573460786507719
39,Solar Pro,0_500m,0,500,2025,28.664157914160015,0.7114709093824326
39,Solar Pro,500_1000m,500,1000,2025,28.64992048944713,0.7334189765467928
39,Solar Pro,1000_2000m,1000,2000,2025,28.526480807236105,0.7572991357832102
40,El Fraile Solar I,0_500m,0,500,2025,30.136617391372738,0.6570744857949603
40,El Fraile Solar I,500_1000m,500,1000,2025,29.79555178337868,0.6745529675002891
40,El Fraile Solar I,1000_2000m,1000,2000,2025,29.460932292630293,0.6716546305143114
41,Corotú Solar,0_500m,0,500,2025,28.897280112887366,0.7406182450787535
41,Corotú Solar,500_1000m,500,1000,2025,28.849260367026748,0.7444029211190941
41,Corotú Solar,1000_2000m,1000,2000,2025,28.73087479572701,0.7771173884105456
42,Rodeo Solar,0_500m,0,500,2025,28.11832210852154,0.7415251904011116
42,Rodeo Solar,500_1000m,500,1000,2025,28.105431122425948,0.7392033067721984
42,Rodeo Solar,1000_2000m,1000,2000,2025,28.13999060793951,0.7197616138478643
43,Estí Solar I,0_500m,0,500,2025,28.951871390034217,0.8308046751823843
43,Estí Solar I,500_1000m,500,1000,2025,28.779330716064255,0.796889002478867
43,Estí Solar I,1000_2000m,1000,2000,2025,28.728490480252546,0.7875236431131587
44,Coclé Solar 1,0_500m,0,500,2025,27.502136930371467,0.7156948878971701
44,Coclé Solar 1,500_1000m,500,1000,2025,27.338008464196573,0.7299096786814688
44,Coclé Solar 1,1000_2000m,1000,2000,2025,27.427304769253052,0.7115238324746371
45,PV Madre Vieja,0_500m,0,500,2025,24.353669493702405,0.7942616042209313
45,PV Madre Vieja,500_1000m,500,1000,2025,24.479628872784357,0.7970821359024292
45,PV Madre Vieja,1000_2000m,1000,2000,2025,24.604535437146545,0.7977171288289719
46,Mendozas Solar,0_500m,0,500,2025,26.796480726052355,0.6413538378464861
46,Mendozas Solar,500_1000m,500,1000,2025,26.75337669413658,0.6487190313636301
46,Mendozas Solar,1000_2000m,1000,2000,2025,26.599447031435023,0.6633046282807747
47,Planta solar pacora 2,0_500m,0,500,2025,29.38458434108164,0.6109940937462409
47,Planta solar pacora 2,500_1000m,500,1000,2025,29.324507048261474,0.6381290990798395
47,Planta solar pacora 2,1000_2000m,1000,2000,2025,29.340532389770722,0.6253370334926103
48,planta de paneles solares,0_500m,0,500,2025,29.006960394434103,0.6126405338639035
48,planta de paneles solares,500_1000m,500,1000,2025,29.07180761907315,0.6120278989217248
48,planta de paneles solares,1000_2000m,1000,2000,2025,29.254117173088048,0.6266110240466238
49,Parque Fotovoltaico San Juan,0_500m,0,500,2025,25.2441110078395,0.6648711956521739
49,Parque Fotovoltaico San Juan,500_1000m,500,1000,2025,25.252560565102286,0.6432688154898044
49,Parque Fotovoltaico San Juan,1000_2000m,1000,2000,2025,25.287040704221432,0.6205303390369249
